"분류","지점명","채수위치","조사일","수온(℃)","pH","DO(㎎/L)","투명도","탁도","Chl-a (㎎/㎥)","유해남조류 세포수 (cells/㎖)","Microcystis","Anabaena","Oscillatoria","Aphanizomenon","지오스민","2MIB","Microcystin-LR (μg/L)"
"하천","낙동강","해평","2021.01.04","","","","","","","","","","","","","",""
"하천","낙동강","해평","2021.01.11","","","","","","","","","","","","","",""
"하천","낙동강","해평","2021.01.18","","","","","","","","","","","","","",""
"하천","낙동강","해평","2021.01.25","","","","","","","","","","","","","",""
"하천","낙동강","해평","2021.02.01","","","","","","","","","","","","","",""
"하천","낙동강","해평","2021.02.08","3.2","8.3","15.2","0.7","2.7","24.6","0","0","0","0","0","","",""
"하천","낙동강","해평","2021.02.15","4.8","8.3","14.1","1.9","2.1","19.2","0","0","0","0","0","","",""
"하천","낙동강","해평","2021.02.22","6.2","8.4","13.2","1.5","2.3","12.2","0","0","0","0","0","","",""
"하천","낙동강","해평","2021.03.02","5.5","7.5","13.0","0.6","7.5","10.5","62","0","0","62","0","","",""
"하천","낙동강","해평","2021.03.08","6.4","8.2","14.0","1.6","3.6","20.9","0","0","0","0","0","","",""
"하천","낙동강","해평","2021.03.15","9.6","8.4","14.1","1.0","4.4","32.6","0","0","0","0","0","","",""
"하천","낙동강","해평","2021.03.22","9.6","8.5","12.7","1.2","5.3","49.9","59","0","0","0","59","","",""
"하천","낙동강","해평","2021.03.29","11.6","7.7","11.0","1.3","2.6","7.6","155","0","0","0","155","","",""
"하천","낙동강","해평","2021.04.05","13.3","8.0","11.4","0.5","8.8","33.9","214","0","0","0","214","","",""
"하천","낙동강","해평","2021.04.12","13.1","6.9","10.4","0.7","18.4","14.0","385","0","0","0","385","","",""
"하천","낙동강","해평","2021.04.19","14.2","8.0","11.3","1.2","6.1","29.6","349","0","0","0","349","","",""
"하천","낙동강","해평","2021.04.26","16.1","8.8","11.3","1.2","4.6","36.7","413","0","0","0","413","","",""
"하천","낙동강","해평","2021.05.03","17.6","8.8","10.4","1.2","5.5","25.6","256","0","0","32","224","","",""
"하천","낙동강","해평","2021.05.10","17.0","8.7","9.7","0.6","4.9","20.0","141","0","0","141","0","","",""
"하천","낙동강","해평","2021.05.17","18.6","8.4","9.6","0.5","7.7","23.3","54","0","0","0","54","","",""
"하천","낙동강","해평","2021.05.24","19.3","7.3","9.1","0.4","11.4","11.7","182","0","37","145","0","","",""
"하천","낙동강","해평","2021.05.31","19.6","8.4","10.0","0.5","4.8","28.6","610","0","0","557","53","","",""
"하천","낙동강","해평","2021.06.07","21.2","8.3","9.7","1.1","4.6","34.4","610","0","60","550","0","","",""
"하천","낙동강","해평","2021.06.14","23.8","8.5","9.4","1.3","4.3","27.1","2418","0","40","2068","310","","",""
"하천","낙동강","해평","2021.06.21","23.6","8.5","9.6","0.6","5.5","46.5","483","0","85","364","34","","",""
"하천","낙동강","해평","2021.06.28","22.8","9.0","9.9","1.2","5.3","18.6","283","0","0","189","94","","",""
"하천","낙동강","해평","2021.07.05","23.2","7.8","8.9","0.6","5.3","22.3","613","0","430","0","183","","",""
"하천","낙동강","해평","2021.07.12","23.8","6.9","9.1","0.1","38.2","5.2","0","0","0","0","0","","",""
"하천","낙동강","해평","2021.07.19","26.5","7.8","9.2","1.0","5.4","30.7","275","0","46","148","81","","",""
"하천","낙동강","해평","2021.07.26","26.9","8.7","8.5","1.4","1.9","17.4","1865","1480","218","43","124","","",""
"하천","낙동강","해평","2021.08.02","26.5","7.1","8.0","0.3","55.0","12.0","45","0","18","0","27","","",""
"하천","낙동강","해평","2021.08.09","28.5","8.0","7.7","0.6","6.6","21.7","22421","14113","7442","0","866","","",""
"하천","낙동강","해평","2021.08.17","25.9","7.5","7.9","1.1","5.4","7.1","245","245","0","0","0","","",""
"하천","낙동강","해평","2021.08.23","24.9","7.6","8.0","1.0","7.3","5.7","250","250","0","0","0","","",""
"하천","낙동강","해평","2021.08.30","23.4","7.5","8.7","0.4","15.7","3.4","980","980","0","0","0","","",""
"하천","낙동강","해평","2021.09.06","21.4","7.4","8.7","0.3","17.8","5.3","1098","1025","56","0","17","","",""
"하천","낙동강","해평","2021.09.13","22.7","8.3","9.9","0.6","3.7","39.4","1555","1555","0","0","0","","",""
"하천","낙동강","해평","2021.09.23","21.9","8.0","9.5","1.5","3.5","21.5","1342","770","91","253","228","","",""
"하천","낙동강","해평","2021.09.27","21.6","7.9","9.1","0.9","2.8","13.8","617","405","85","0","127","","",""
"하천","낙동강","해평","2021.10.05","23.0","8.1","9.2","0.8","4.2","15.4","746","435","0","0","311","","",""
"하천","낙동강","해평","2021.10.12","21.0","8.1","9.1","0.5","4.9","20.5","753","355","22","0","376","","",""
"하천","낙동강","해평","2021.10.18","18.6","7.9","9.9","0.6","8.5","27.3","258","195","0","0","63","","",""
"하천","낙동강","해평","2021.10.25","16.3","8.9","10.5","0.7","9.0","46.8","312","65","97","0","150","","",""
"하천","낙동강","해평","2021.11.01","15.2","9.0","10.9","0.9","5.3","20.8","497","80","27","0","390","","",""
"하천","낙동강","해평","2021.11.10","12.4","7.9","10.7","0.6","5.0","19.3","90","90","0","0","0","","",""
"하천","낙동강","해평","2021.11.15","11.4","7.9","10.9","1.0","2.9","14.2","669","100","17","0","552","","",""
"하천","낙동강","해평","2021.11.22","10.8","8.7","12.7","1.3","2.8","27.8","260","55","0","0","205","","",""
"하천","낙동강","해평","2021.11.29","8.4","8.9","13.4","1.3","3.4","32.8","0","0","0","0","0","","",""
"하천","낙동강","해평","2021.12.06","6.5","8.8","12.8","1.6","3.1","19.4","0","0","0","0","0","","",""
"하천","낙동강","칠서","2021.01.04","3.5","8.3","14.0","1.1","2.5","20.0","266","0","0","102","164","","",""
"하천","낙동강","칠서","2021.01.11","","","","","","","","","","","","","",""
"하천","낙동강","칠서","2021.01.18","","","","","","","","","","","","","",""
"하천","낙동강","칠서","2021.01.25","4.4","8.2","14.3","0.8","3.5","32.0","68","0","0","0","68","","",""
"하천","낙동강","칠서","2021.02.01","5.5","8.5","14.3","1.2","3.2","33.8","0","0","0","0","0","","",""
"하천","낙동강","칠서","2021.02.08","5.2","8.8","15.0","0.5","4.0","43.3","19","0","0","0","19","","",""
"하천","낙동강","칠서","2021.02.15","5.9","8.8","15.4","0.7","2.9","44.7","0","0","0","0","0","","",""
"하천","낙동강","칠서","2021.02.22","7.3","8.8","14.0","1.4","3.2","32.8","58","0","0","58","0","","",""
"하천","낙동강","칠서","2021.03.02","7.5","9.0","13.6","0.8","5.6","48.0","0","0","0","0","0","","",""
"하천","낙동강","칠서","2021.03.08","9.7","7.9","12.1","1.8","4.1","23.4","21","0","0","0","21","","",""
"하천","낙동강","칠서","2021.03.15","10.8","8.9","13.5","0.6","4.4","64.1","310","0","71","0","239","","",""
"하천","낙동강","칠서","2021.03.22","11.7","8.8","12.4","0.6","5.5","46.3","158","0","0","0","158","","",""
"하천","낙동강","칠서","2021.03.29","14.4","8.3","11.2","0.7","9.7","31.5","78","0","0","0","78","","",""
"하천","낙동강","칠서","2021.04.05","14.5","8.0","10.5","0.5","28.9","55.1","215","0","0","0","215","","",""
"하천","낙동강","칠서","2021.04.12","15.4","8.9","10.8","1.2","5.3","29.3","1221","0","0","571","650","","",""
"하천","낙동강","칠서","2021.04.19","17.1","8.3","10.0","1.3","1.8","14.8","969","0","0","0","969","","",""
"하천","낙동강","칠서","2021.04.26","18.7","8.6","10.1","1.4","2.4","7.9","153","0","0","0","153","","",""
"하천","낙동강","칠서","2021.05.03","18.6","8.3","10.1","0.8","2.6","12.7","55","0","0","0","55","","",""
"하천","낙동강","칠서","2021.05.10","18.8","8.3","10.3","1.1","3.0","14.4","71","0","0","0","71","","",""
"하천","낙동강","칠서","2021.05.17","19.5","7.8","9.1","0.8","6.2","20.5","83","0","0","0","83","","",""
"하천","낙동강","칠서","2021.05.24","22.4","7.9","9.9","0.9","5.3","17.2","262","0","106","0","156","","",""
"하천","낙동강","칠서","2021.05.31","23.7","8.1","9.5","1.0","5.3","22.5","559","295","0","0","264","","",""
"하천","낙동강","칠서","2021.06.07","24.6","8.0","8.9","0.5","6.8","12.0","278","0","59","54","165","","",""
"하천","낙동강","칠서","2021.06.14","25.8","8.2","9.1","0.6","4.2","23.1","2765","0","494","0","2271","","",""
"하천","낙동강","칠서","2021.06.21","25.9","8.4","10.1","0.8","3.6","26.8","649","0","0","0","649","","",""
"하천","낙동강","칠서","2021.06.28","26.7","8.8","9.7","0.7","4.5","27.8","25454","4760","331","0","20363","","",""
"하천","낙동강","칠서","2021.07.05","25.4","7.9","8.4","0.8","6.7","17.3","54753","3120","0","0","51633","","",""
"하천","낙동강","칠서","2021.07.08","23.3","7.8","7.8","0.4","53.7","22.0","1429","0","21","80","1328","정량한계미만","6","정량한계미만"
"하천","낙동강","칠서","2021.07.12","24.2","7.4","8.3","0.2","79.1","7.1","86","0","0","0","86","정량한계미만","정량한계미만","정량한계미만"
"하천","낙동강","칠서","2021.07.19","27.3","8.1","9.1","0.6","7.3","37.2","60","0","0","0","60","","",""
"하천","낙동강","칠서","2021.07.26","29.1","8.7","10.7","0.4","6.1","52.7","7609","6525","270","60","754","","",""
"하천","낙동강","칠서","2021.08.02","30.7","8.5","10.2","0.3","5.9","61.7","25563","23500","488","58","1517","","",""
"하천","낙동강","칠서","2021.08.09","28.9","7.8","7.7","0.4","9.3","13.4","2020","2020","0","0","0","","",""
"하천","낙동강","칠서","2021.08.17","26.7","7.9","8.6","0.6","6.3","17.5","32453","32367","0","86","0","","",""
"하천","낙동강","칠서","2021.08.23","25.9","7.8","8.3","0.8","5.9","12.2","3345","3345","0","0","0","","",""
"하천","낙동강","칠서","2021.08.30","24.0","7.5","8.7","0.2","25.7","3.6","161","135","26","0","0","","",""
"하천","낙동강","칠서","2021.09.06","22.1","7.7","9.0","0.5","11.1","7.0","911","695","0","0","216","","",""
"하천","낙동강","칠서","2021.09.13","24.0","7.9","9.0","0.9","8.4","17.6","1097","850","6","0","241","","",""
"하천","낙동강","칠서","2021.09.23","23.6","8.2","9.7","1.0","4.8","17.1","2615","2045","319","0","251","","",""
"하천","낙동강","칠서","2021.09.27","23.3","8.5","10.1","0.9","10.0","18.8","648","560","0","0","88","","",""
"하천","낙동강","칠서","2021.10.05","24.3","8.7","10.6","0.9","3.4","31.4","2803","1820","217","0","766","","",""
"하천","낙동강","칠서","2021.10.12","22.5","8.3","9.2","0.8","3.5","36.0","1801","1605","0","0","196","","",""
"하천","낙동강","칠서","2021.10.18","18.9","8.5","10.3","1.6","2.6","19.3","889","740","149","0","0","","",""
"하천","낙동강","칠서","2021.10.25","17.5","9.0","12.1","1.2","2.2","32.7","3225","2910","0","0","315","","",""
"하천","낙동강","칠서","2021.11.01","16.6","9.2","12.5","1.2","2.1","34.8","1017","595","0","0","422","","",""
"하천","낙동강","칠서","2021.11.08","14.8","8.9","10.9","1.2","2.5","15.1","667","440","0","0","227","","",""
"하천","낙동강","칠서","2021.11.15","13.3","8.4","10.9","1.8","1.2","11.7","342","275","40","0","27","","",""
"하천","낙동강","칠서","2021.11.22","","","","","","","","","","","","","",""
"하천","낙동강","칠서","2021.11.29","10.4","8.9","12.4","1.0","1.9","14.6","674","185","0","156","333","","",""
"하천","낙동강","칠서","2021.12.06","8.7","8.8","12.4","2.2","1.7","13.3","672","160","0","119","393","","",""
"호소","운문호","댐앞","2021.01.04","5.6","7.9","12.4","1.3","8.0","1.9","0","0","0","0","0","","",""
"호소","운문호","댐앞","2021.01.11","4.1","7.5","12.8","1.3","7.9","2.4","0","0","0","0","0","","",""
"호소","운문호","댐앞","2021.01.18","3.8","7.1","12.9","1.3","7.3","2.1","0","0","0","0","0","","",""
"호소","운문호","댐앞","2021.01.25","4.7","7.4","13.1","1.4","7.2","2.7","0","0","0","0","0","","",""
"호소","운문호","댐앞","2021.02.01","5.1","7.2","13.0","1.3","7.8","2.6","0","0","0","0","0","","",""
"호소","운문호","댐앞","2021.02.08","3.4","7.6","13.6","1.4","7.2","3.0","0","0","0","0","0","","",""
"호소","운문호","댐앞","2021.02.15","5.1","7.4","12.9","1.5","6.9","3.0","0","0","0","0","0","","",""
"호소","운문호","댐앞","2021.02.22","5.7","8.0","13.0","1.4","7.3","3.8","0","0","0","0","0","","",""
"호소","운문호","댐앞","2021.03.02","4.2","7.1","13.7","1.4","8.2","3.7","0","0","0","0","0","","",""
"호소","운문호","댐앞","2021.03.08","5.9","7.0","13.4","1.5","5.8","3.0","0","0","0","0","0","","",""
"호소","운문호","댐앞","2021.03.15","7.0","7.3","12.9","1.7","8.4","3.8","0","0","0","0","0","","",""
"호소","운문호","댐앞","2021.03.22","6.4","7.2","13.8","1.6","4.2","2.4","0","0","0","0","0","","",""
"호소","운문호","댐앞","2021.03.29","8.0","7.3","12.3","1.5","6.9","2.8","0","0","0","0","0","","",""
"호소","운문호","댐앞","2021.04.05","9.4","7.6","12.0","1.5","6.9","3.0","0","0","0","0","0","","",""
"호소","운문호","댐앞","2021.04.12","9.3","7.6","11.7","1.3","7.0","3.2","0","0","0","0","0","","",""
"호소","운문호","댐앞","2021.04.19","10.2","8.0","11.6","1.7","5.6","1.5","0","0","0","0","0","","",""
"호소","운문호","댐앞","2021.04.26","10.9","8.4","11.0","1.6","8.0","2.6","0","0","0","0","0","","",""
"호소","운문호","댐앞","2021.05.03","11.9","7.6","10.8","1.5","7.0","2.0","0","0","0","0","0","","",""
"호소","운문호","댐앞","2021.05.10","10.6","7.7","10.9","1.5","8.4","1.7","0","0","0","0","0","","",""
"호소","운문호","댐앞","2021.05.17","12.9","8.2","10.4","1.2","8.0","2.6","0","0","0","0","0","","",""
"호소","운문호","댐앞","2021.05.24","15.4","7.2","10.0","2.2","7.3","2.2","0","0","0","0","0","","",""
"호소","운문호","댐앞","2021.05.31","14.2","7.6","9.6","1.5","6.1","1.9","0","0","0","0","0","","",""
"호소","운문호","댐앞","2021.06.07","15.2","9.3","9.4","3.0","7.2","2.8","0","0","0","0","0","","",""
"호소","운문호","댐앞","2021.06.14","16.5","8.2","9.3","3.5","3.7","3.4","0","0","0","0","0","","",""
"호소","운문호","댐앞","2021.06.21","15.7","8.4","9.1","3.0","3.5","2.7","0","0","0","0","0","","",""
"호소","운문호","댐앞","2021.06.28","16.0","6.9","9.2","3.0","3.0","3.5","0","0","0","0","0","","",""
"호소","운문호","댐앞","2021.07.05","17.3","8.7","7.5","1.5","4.6","4.2","0","0","0","0","0","","",""
"호소","운문호","댐앞","2021.07.12","19.0","8.4","7.5","2.0","5.7","2.1","0","0","0","0","0","","",""
"호소","운문호","댐앞","2021.07.19","18.4","7.4","6.9","2.0","5.4","2.5","0","0","0","0","0","","",""
"호소","운문호","댐앞","2021.07.26","18.6","7.1","6.9","2.5","4.5","2.1","0","0","0","0","0","","",""
"호소","운문호","댐앞","2021.08.02","18.0","7.4","6.4","3.0","2.1","1.8","0","0","0","0","0","","",""
"호소","운문호","댐앞","2021.08.09","19.9","7.7","6.1","3.0","4.1","2.1","0","0","0","0","0","","",""
"호소","운문호","댐앞","2021.08.17","17.2","7.6","3.7","2.5","4.7","2.6","0","0","0","0","0","","",""
"호소","운문호","댐앞","2021.08.23","19.8","6.9","5.9","2.0","6.7","3.4","0","0","0","0","0","","",""
"호소","운문호","댐앞","2021.08.30","19.6","7.7","6.7","1.5","8.6","5.7","0","0","0","0","0","","",""
"호소","운문호","댐앞","2021.09.06","21.6","7.4","6.6","1.7","6.7","4.0","0","0","0","0","0","","",""
"호소","운문호","댐앞","2021.09.13","19.4","7.7","6.8","1.7","5.5","11.5","0","0","0","0","0","","",""
"호소","운문호","댐앞","2021.09.23","18.3","6.9","6.2","2.7","3.7","2.3","0","0","0","0","0","","",""
"호소","운문호","댐앞","2021.09.27","18.5","7.2","6.6","1.5","4.0","11.3","0","0","0","0","0","","",""
"호소","운문호","댐앞","2021.10.05","19.7","7.3","7.1","3.0","3.0","2.5","20","0","0","0","20","","",""
"호소","운문호","댐앞","2021.10.12","17.7","7.2","6.0","1.5","3.9","3.5","0","0","0","0","0","","",""
"호소","운문호","댐앞","2021.10.18","15.6","6.6","6.5","2.5","2.2","4.3","0","0","0","0","0","","",""
"호소","운문호","댐앞","2021.10.25","17.0","6.9","7.1","2.0","2.7","2.5","0","0","0","0","0","","",""
"호소","운문호","댐앞","2021.11.01","16.3","6.9","7.1","2.5","5.0","3.3","33","0","0","0","33","","",""
"호소","운문호","댐앞","2021.11.08","15.8","6.8","7.1","2.5","3.5","4.6","0","0","0","0","0","","",""
"호소","운문호","댐앞","2021.11.15","13.0","6.8","6.7","2.5","3.7","5.1","0","0","0","0","0","","",""
"호소","운문호","댐앞","2021.11.22","11.9","7.3","8.1","2.5","4.5","4.9","0","0","0","0","0","","",""
"호소","운문호","댐앞","2021.11.29","11.4","7.2","7.8","2.0","3.5","4.7","119","0","0","0","119","","",""
"호소","운문호","댐앞","2021.12.06","9.8","7.1","8.9","2.0","4.2","3.8","0","0","0","0","0","","",""
"호소","운문호","취수탑2","2021.01.04","5.8","7.7","13.0","1.3","7.8","2.2","0","0","0","0","0","","",""
"호소","운문호","취수탑2","2021.01.11","4.1","7.4","12.0","1.3","8.1","2.4","0","0","0","0","0","","",""
"호소","운문호","취수탑2","2021.01.18","3.7","7.3","13.5","1.3","7.2","1.9","0","0","0","0","0","","",""
"호소","운문호","취수탑2","2021.01.25","4.6","7.5","13.2","1.4","7.2","2.5","0","0","0","0","0","","",""
"호소","운문호","취수탑2","2021.02.01","5.0","7.1","12.2","1.3","8.3","2.4","0","0","0","0","0","","",""
"호소","운문호","취수탑2","2021.02.08","3.6","7.6","13.4","1.4","8.6","3.1","0","0","0","0","0","","",""
"호소","운문호","취수탑2","2021.02.15","4.6","7.5","13.1","1.5","7.3","3.0","0","0","0","0","0","","",""
"호소","운문호","취수탑2","2021.02.22","5.1","7.9","12.9","1.4","7.5","4.1","0","0","0","0","0","","",""
"호소","운문호","취수탑2","2021.03.02","4.3","7.1","13.6","1.4","8.0","3.8","0","0","0","0","0","","",""
"호소","운문호","취수탑2","2021.03.08","5.8","7.1","13.2","1.5","6.9","3.6","0","0","0","0","0","","",""
"호소","운문호","취수탑2","2021.03.15","7.4","7.4","13.1","1.7","6.3","3.3","0","0","0","0","0","","",""
"호소","운문호","취수탑2","2021.03.22","6.7","7.5","12.9","1.6","7.3","2.8","0","0","0","0","0","","",""
"호소","운문호","취수탑2","2021.03.29","8.4","7.4","12.4","1.5","6.2","3.1","0","0","0","0","0","","",""
"호소","운문호","취수탑2","2021.04.05","9.7","7.7","12.0","1.5","6.8","3.5","0","0","0","0","0","","",""
"호소","운문호","취수탑2","2021.04.12","10.0","7.3","11.7","1.3","6.4","3.6","0","0","0","0","0","","",""
"호소","운문호","취수탑2","2021.04.19","10.1","8.1","11.4","1.7","7.6","1.8","0","0","0","0","0","","",""
"호소","운문호","취수탑2","2021.04.26","12.1","8.3","11.0","1.6","6.8","2.5","0","0","0","0","0","","",""
"호소","운문호","취수탑2","2021.05.03","11.6","7.5","10.7","1.5","7.6","2.2","40","0","0","40","0","","",""
"호소","운문호","취수탑2","2021.05.10","11.6","7.7","10.7","1.5","8.5","2.0","0","0","0","0","0","","",""
"호소","운문호","취수탑2","2021.05.17","13.5","8.1","10.2","1.2","7.6","2.9","0","0","0","0","0","","",""
"호소","운문호","취수탑2","2021.05.24","16.0","8.9","9.9","2.2","6.6","3.2","0","0","0","0","0","","",""
"호소","운문호","취수탑2","2021.05.31","15.2","7.6","9.6","1.5","5.7","2.2","0","0","0","0","0","","",""
"호소","운문호","취수탑2","2021.06.07","16.5","8.1","9.6","3.0","2.8","3.5","0","0","0","0","0","","",""
"호소","운문호","취수탑2","2021.06.14","18.4","8.0","8.9","3.5","2.7","3.9","0","0","0","0","0","","",""
"호소","운문호","취수탑2","2021.06.21","18.7","7.3","8.8","3.0","2.0","4.9","0","0","0","0","0","","",""
"호소","운문호","취수탑2","2021.06.28","19.1","7.0","8.7","3.0","2.0","4.2","0","0","0","0","0","","",""
"호소","운문호","취수탑2","2021.07.05","18.4","7.1","6.7","1.5","9.5","6.7","0","0","0","0","0","","",""
"호소","운문호","취수탑2","2021.07.12","21.3","7.8","7.8","2.0","7.0","2.1","0","0","0","0","0","","",""
"호소","운문호","취수탑2","2021.07.19","22.4","7.5","7.0","2.0","5.0","2.3","0","0","0","0","0","","",""
"호소","운문호","취수탑2","2021.07.26","23.3","7.5","7.0","2.5","3.7","2.3","0","0","0","0","0","","",""
"호소","운문호","취수탑2","2021.08.02","20.4","7.3","7.4","3.0","4.3","2.7","0","0","0","0","0","","",""
"호소","운문호","취수탑2","2021.08.09","20.7","7.1","6.2","3.0","3.6","2.5","0","0","0","0","0","","",""
"호소","운문호","취수탑2","2021.08.17","20.5","7.2","5.6","2.5","3.4","3.6","0","0","0","0","0","","",""
"호소","운문호","취수탑2","2021.08.23","22.9","7.0","5.8","2.0","4.5","4.0","0","0","0","0","0","","",""
"호소","운문호","취수탑2","2021.08.30","22.3","7.9","6.3","1.5","9.5","4.5","0","0","0","0","0","","",""
"호소","운문호","취수탑2","2021.09.06","19.9","7.6","6.2","1.7","5.9","3.3","0","0","0","0","0","","",""
"호소","운문호","취수탑2","2021.09.13","21.8","7.1","7.1","1.7","6.0","9.9","0","0","0","0","0","","",""
"호소","운문호","취수탑2","2021.09.23","20.5","6.6","5.8","2.7","3.6","2.8","0","0","0","0","0","","",""
"호소","운문호","취수탑2","2021.09.27","21.0","7.2","6.8","1.5","4.2","7.7","0","0","0","0","0","","",""
"호소","운문호","취수탑2","2021.10.05","21.9","7.6","6.9","2.7","3.6","4.9","238","238","0","0","0","","",""
"호소","운문호","취수탑2","2021.10.12","20.9","7.3","7.4","1.5","2.9","5.9","0","0","0","0","0","","",""
"호소","운문호","취수탑2","2021.10.18","19.8","6.7","6.6","2.5","2.8","4.3","0","0","0","0","0","","",""
"호소","운문호","취수탑2","2021.10.25","20.0","7.0","7.2","2.0","2.2","3.3","0","0","0","0","0","","",""
"호소","운문호","취수탑2","2021.11.01","17.7","7.0","7.9","2.5","4.8","5.4","0","0","0","0","0","","",""
"호소","운문호","취수탑2","2021.11.08","17.0","7.1","8.7","2.5","3.7","6.1","0","0","0","0","0","","",""
"호소","운문호","취수탑2","2021.11.15","15.0","6.9","8.7","2.5","3.2","5.9","0","0","0","0","0","","",""
"호소","운문호","취수탑2","2021.11.22","13.3","7.3","9.5","2.5","3.5","7.2","79","0","79","0","0","","",""
"호소","운문호","취수탑2","2021.11.29","12.7","7.2","9.7","2.0","3.7","6.6","0","0","0","0","0","","",""
"호소","운문호","취수탑2","2021.12.06","10.6","7.3","10.4","2.0","3.1","5.6","0","0","0","0","0","","",""
"호소","영천호","취수탑","2021.01.04","4.0","7.9","12.7","0.6","20.7","3.5","0","0","0","0","0","","",""
"호소","영천호","취수탑","2021.01.11","4.2","8.4","12.4","0.9","14.5","3.5","0","0","0","0","0","","",""
"호소","영천호","취수탑","2021.01.18","3.7","8.0","12.6","1.0","11.2","3.2","0","0","0","0","0","","",""
"호소","영천호","취수탑","2021.01.25","7.7","8.3","11.4","1.0","11.6","3.6","0","0","0","0","0","","",""
"호소","영천호","취수탑","2021.02.01","6.4","8.0","11.8","1.0","12.2","4.5","0","0","0","0","0","","",""
"호소","영천호","취수탑","2021.02.08","2.6","7.9","13.8","0.8","16.5","6.5","0","0","0","0","0","","",""
"호소","영천호","취수탑","2021.02.15","4.9","8.2","12.6","1.0","11.0","10.4","0","0","0","0","0","","",""
"호소","영천호","취수탑","2021.02.22","7.6","7.6","11.7","0.9","15.6","16.1","0","0","0","0","0","","",""
"호소","영천호","취수탑","2021.03.02","6.5","7.9","12.7","0.9","14.8","17.6","0","0","0","0","0","","",""
"호소","영천호","취수탑","2021.03.08","6.6","8.0","13.2","1.0","12.3","14.6","0","0","0","0","0","","",""
"호소","영천호","취수탑","2021.03.15","8.8","7.9","12.7","1.2","7.9","14.4","0","0","0","0","0","","",""
"호소","영천호","취수탑","2021.03.22","10.1","8.4","12.1","1.0","11.8","13.4","0","0","0","0","0","","",""
"호소","영천호","취수탑","2021.03.29","11.2","7.8","11.8","0.9","13.7","10.1","0","0","0","0","0","","",""
"호소","영천호","취수탑","2021.04.05","14.4","8.2","10.8","1.6","3.0","10.0","304","0","0","0","304","","",""
"호소","영천호","취수탑","2021.04.12","11.8","8.1","11.5","1.2","4.4","16.0","521","0","0","0","521","","",""
"호소","영천호","취수탑","2021.04.19","15.6","8.0","10.1","1.1","6.5","6.7","0","0","0","0","0","","",""
"호소","영천호","취수탑","2021.04.26","15.3","8.2","10.2","1.4","3.6","8.6","191","0","0","0","191","","",""
"호소","영천호","취수탑","2021.05.03","17.0","8.3","10.2","1.5","2.8","13.1","0","0","0","0","0","","",""
"호소","영천호","취수탑","2021.05.10","13.7","7.8","9.4","1.2","4.5","9.4","0","0","0","0","0","","",""
"호소","영천호","취수탑","2021.05.17","16.7","8.0","8.8","1.4","3.6","7.7","0","0","0","0","0","","",""
"호소","영천호","취수탑","2021.05.24","21.1","8.9","10.0","2.1","1.7","9.7","0","0","0","0","0","","",""
"호소","영천호","취수탑","2021.05.31","19.2","7.9","8.4","1.9","2.0","6.1","195","0","0","0","195","","",""
"호소","영천호","취수탑","2021.06.07","20.1","7.8","8.2","1.2","5.9","6.8","0","0","0","0","0","","",""
"호소","영천호","취수탑","2021.06.14","20.9","8.0","8.9","1.5","3.2","5.5","79","0","0","79","0","","",""
"호소","영천호","취수탑","2021.06.21","22.0","8.2","7.4","2.2","1.5","3.9","33","0","0","0","33","","",""
"호소","영천호","취수탑","2021.06.28","21.5","8.2","7.0","2.5","1.0","6.9","561","139","0","0","422","","",""
"호소","영천호","취수탑","2021.07.05","23.2","8.3","7.9","1.5","2.8","8.4","389","0","0","0","389","","",""
"호소","영천호","취수탑","2021.07.12","23.6","8.0","7.1","1.1","9.0","5.9","185","0","0","0","185","","",""
"호소","영천호","취수탑","2021.07.19","24.4","8.1","6.8","0.9","13.0","17.6","6410","5413","0","0","997","","",""
"호소","영천호","취수탑","2021.07.26","24.3","9.0","7.1","1.0","10.5","23.3","89576","4040","0","0","85536","","",""
"호소","영천호","취수탑","2021.08.02","22.8","8.2","6.4","1.1","8.7","20.3","81328","733","0","0","80595","","",""
"호소","영천호","취수탑","2021.08.05","24.0","8.0","4.7","1.7","2.8","3.2","2600","158","0","0","2442","2","11","정량한계미만"
"호소","영천호","취수탑","2021.08.09","23.5","8.6","6.1","1.1","9.7","8.9","838","416","0","0","422","1","23","정량한계미만"
"호소","영천호","취수탑","2021.08.17","22.8","7.6","5.0","1.2","5.5","9.5","345","299","0","0","46","","",""
"호소","영천호","취수탑","2021.08.23","22.8","7.8","6.2","1.1","9.0","13.7","770","697","0","0","73","","",""
"호소","영천호","취수탑","2021.08.30","24.0","8.0","6.9","0.1","123.0","7.6","548","218","172","0","158","","",""
"호소","영천호","취수탑","2021.09.06","21.6","7.2","6.9","0.4","33.8","15.7","600","158","0","0","442","","",""
"호소","영천호","취수탑","2021.09.13","22.3","7.3","6.8","0.3","60.5","12.9","251","0","0","251","0","","",""
"호소","영천호","취수탑","2021.09.23","20.7","6.9","5.8","0.3","62.1","12.9","0","0","0","0","0","","",""
"호소","영천호","취수탑","2021.09.27","22.0","7.7","7.6","0.4","33.8","37.2","590","458","0","0","132","","",""
"호소","영천호","취수탑","2021.10.05","21.6","7.9","5.7","0.4","55.1","13.7","257","0","0","0","257","","",""
"호소","영천호","취수탑","2021.10.12","19.2","7.9","7.5","0.4","40.9","15.5","66","0","0","0","66","","",""
"호소","영천호","취수탑","2021.10.18","18.8","7.5","7.5","0.4","38.8","9.3","0","0","0","0","0","","",""
"호소","영천호","취수탑","2021.10.25","18.7","7.3","6.9","0.6","20.3","6.9","0","0","0","0","0","","",""
"호소","영천호","취수탑","2021.11.01","17.5","7.4","7.1","0.8","16.4","7.0","0","0","0","0","0","","",""
"호소","영천호","취수탑","2021.11.08","17.0","7.7","8.5","1.1","10.1","6.4","0","0","0","0","0","","",""
"호소","영천호","취수탑","2021.11.15","15.1","7.9","8.9","1.1","9.2","3.3","0","0","0","0","0","","",""
"호소","영천호","취수탑","2021.11.22","16.3","7.6","7.6","1.1","7.7","2.8","86","0","86","0","0","","",""
"호소","영천호","취수탑","2021.11.29","11.5","8.1","8.4","1.1","8.2","2.0","0","0","0","0","0","","",""
"호소","영천호","취수탑","2021.12.06","10.1","8.0","8.1","1.1","8.1","2.2","0","0","0","0","0","","",""
"호소","진양호","내동","2021.01.04","4.4","8.7","12.9","2.5","5.6","6.7","2974","0","2748","0","226","","",""
"호소","진양호","내동","2021.01.11","2.8","8.0","13.4","2.5","5.4","6.2","1931","0","1283","0","648","","",""
"호소","진양호","내동","2021.01.19","3.2","8.8","12.8","3.0","3.3","4.6","771","0","557","0","214","","",""
"호소","진양호","내동","2021.01.25","3.9","8.0","13.2","4.0","6.2","4.2","375","0","177","0","198","","",""
"호소","진양호","내동","2021.02.01","4.3","7.9","13.5","3.0","6.9","4.8","0","0","0","0","0","","",""
"호소","진양호","내동","2021.02.08","4.3","7.9","13.5","3.5","6.9","4.9","33","0","33","0","0","","",""
"호소","진양호","내동","2021.02.15","5.5","8.9","13.1","4.0","5.9","4.3","0","0","0","0","0","","",""
"호소","진양호","내동","2021.02.23","6.5","8.3","13.3","4.0","6.1","4.8","83","0","0","0","83","","",""
"호소","진양호","내동","2021.03.02","7.4","8.3","13.1","3.0","6.6","4.3","0","0","0","0","0","","",""
"호소","진양호","내동","2021.03.08","8.4","7.3","12.5","4.0","1.7","3.1","133","0","0","0","133","","",""
"호소","진양호","내동","2021.03.15","10.0","7.5","12.0","4.0","2.4","3.9","0","0","0","0","0","","",""
"호소","진양호","내동","2021.03.22","11.9","7.6","11.5","4.0","2.4","2.6","0","0","0","0","0","","",""
"호소","진양호","내동","2021.03.29","12.1","7.5","9.1","5.5","2.6","1.9","0","0","0","0","0","","",""
"호소","진양호","내동","2021.04.06","14.5","7.8","11.2","3.0","2.7","3.6","0","0","0","0","0","","",""
"호소","진양호","내동","2021.04.13","14.1","7.7","7.8","4.4","2.8","3.7","0","0","0","0","0","","",""
"호소","진양호","내동","2021.04.19","15.6","7.7","10.0","3.5","3.2","1.9","0","0","0","0","0","","",""
"호소","진양호","내동","2021.04.26","16.5","7.3","10.5","4.0","2.0","3.0","0","0","0","0","0","","",""
"호소","진양호","내동","2021.05.04","17.6","7.5","9.6","3.0","3.0","3.6","0","0","0","0","0","","",""
"호소","진양호","내동","2021.05.10","18.6","7.6","10.0","3.5","2.6","4.5","0","0","0","0","0","","",""
"호소","진양호","내동","2021.05.17","19.1","7.5","8.5","3.5","2.9","10.2","0","0","0","0","0","","",""
"호소","진양호","내동","2021.05.25","20.4","7.9","9.6","3.0","4.0","16.0","366","100","0","0","266","","",""
"호소","진양호","내동","2021.05.31","21.0","7.9","8.5","3.0","3.0","4.6","333","50","0","0","283","","",""
"호소","진양호","내동","2021.06.07","22.3","7.6","6.9","4.0","2.8","3.8","616","0","183","0","433","","",""
"호소","진양호","내동","2021.06.14","23.1","7.4","6.2","3.5","2.6","5.0","1866","0","300","0","1566","","",""
"호소","진양호","내동","2021.06.21","23.9","7.6","6.9","4.0","2.3","7.2","283","50","0","0","233","","",""
"호소","진양호","내동","2021.06.28","24.9","7.3","6.3","3.5","6.1","29.1","133","0","0","0","133","","",""
"호소","진양호","내동","2021.07.05","25.2","6.9","5.0","3.0","9.2","7.3","516","0","216","0","300","","",""
"호소","진양호","내동","2021.07.12","21.9","7.1","8.9","2.0","16.1","9.2","0","0","0","0","0","","",""
"호소","진양호","내동","2021.07.19","24.9","7.4","7.0","3.0","10.6","10.9","50","50","0","0","0","","",""
"호소","진양호","내동","2021.07.26","25.7","7.5","6.6","2.5","7.3","7.4","783","783","0","0","0","","",""
"호소","진양호","내동","2021.08.02","27.0","7.3","4.9","4.0","7.7","8.1","5549","5183","0","0","366","","",""
"호소","진양호","내동","2021.08.09","27.4","7.1","6.7","3.0","8.0","9.2","3816","3516","0","0","300","","",""
"호소","진양호","내동","2021.08.17","28.4","7.5","6.4","2.0","5.8","9.9","1233","1233","0","0","0","","",""
"호소","진양호","내동","2021.08.23","26.4","7.3","6.6","2.0","7.5","14.9","2533","2533","0","0","0","","",""
"호소","진양호","내동","2021.08.30","24.0","7.5","7.8","1.5","8.7","15.7","2983","2800","0","0","183","","",""
"호소","진양호","내동","2021.09.06","24.3","7.5","7.6","2.0","7.8","26.0","1383","1000","0","0","383","","",""
"호소","진양호","내동","2021.09.13","23.7","7.3","6.6","2.0","6.4","13.8","4916","3400","0","0","1516","","",""
"호소","진양호","내동","2021.09.23","23.6","7.4","7.1","2.0","7.5","15.5","9382","1200","66","1416","6700","","",""
"호소","진양호","내동","2021.09.28","23.5","7.2","6.5","2.2","6.5","12.2","9755","1981","0","0","7774","","",""
"호소","진양호","내동","2021.10.05","24.0","7.6","6.4","2.5","5.9","9.1","8878","3598","92","0","5188","","",""
"호소","진양호","내동","2021.10.12","24.1","6.3","6.2","4.0","4.3","2.9","7179","3239","0","0","3940","","",""
"호소","진양호","내동","2021.10.18","21.4","7.5","7.5","2.5","5.7","3.9","1390","677","0","264","449","","",""
"호소","진양호","내동","2021.10.25","18.9","7.4","8.6","2.5","5.4","13.3","429","297","0","0","132","","",""
"호소","진양호","내동","2021.11.01","17.7","7.5","9.3","2.5","5.1","6.4","99","0","0","0","99","","",""
"호소","진양호","내동","2021.11.09","16.3","7.0","9.0","2.0","5.1","14.8","79","0","0","0","79","","",""
"호소","진양호","내동","2021.11.15","14.8","7.2","9.4","2.0","5.8","11.0","0","0","0","0","0","","",""
"호소","진양호","내동","2021.11.22","13.9","7.3","10.1","3.0","4.1","2.8","0","0","0","0","0","","",""
"호소","진양호","내동","2021.11.29","12.0","7.4","10.6","3.0","4.7","2.4","0","0","0","0","0","","",""
"호소","진양호","내동","2021.12.06","10.2","7.1","10.6","4.5","4.2","3.6","0","0","0","0","0","","",""
"호소","안계호","취수탑","2021.01.04","4.7","7.8","12.8","1.3","4.4","8.2","26","0","0","0","26","","",""
"호소","안계호","취수탑","2021.01.11","5.4","7.8","11.9","1.2","5.6","10.1","0","0","0","0","0","","",""
"호소","안계호","취수탑","2021.01.18","4.1","8.1","12.3","1.7","2.6","8.6","0","0","0","0","0","","",""
"호소","안계호","취수탑","2021.01.25","8.6","8.3","11.4","1.2","5.8","11.7","40","0","0","0","40","","",""
"호소","안계호","취수탑","2021.02.01","5.9","7.9","12.8","1.2","5.4","15.0","0","0","0","0","0","","",""
"호소","안계호","취수탑","2021.02.08","3.9","7.9","14.5","1.3","4.6","16.8","0","0","0","0","0","","",""
"호소","안계호","취수탑","2021.02.15","7.5","8.2","12.0","1.2","5.2","14.5","0","0","0","0","0","","",""
"호소","안계호","취수탑","2021.02.22","8.3","8.1","11.9","1.0","7.2","13.9","59","0","0","0","59","","",""
"호소","안계호","취수탑","2021.03.02","7.8","7.6","12.4","1.0","7.5","10.2","0","0","0","0","0","","",""
"호소","안계호","취수탑","2021.03.08","7.4","7.4","11.9","1.0","7.2","9.8","0","0","0","0","0","","",""
"호소","안계호","취수탑","2021.03.15","9.7","7.7","12.2","1.1","6.3","8.1","0","0","0","0","0","","",""
"호소","안계호","취수탑","2021.03.22","11.0","7.8","11.8","1.3","4.1","8.2","0","0","0","0","0","","",""
"호소","안계호","취수탑","2021.03.29","12.6","7.8","11.1","1.3","4.1","8.9","0","0","0","0","0","","",""
"호소","안계호","취수탑","2021.04.05","14.2","8.0","10.2","1.4","3.8","9.7","0","0","0","0","0","","",""
"호소","안계호","취수탑","2021.04.12","12.6","8.4","11.0","1.7","2.4","10.3","891","0","0","0","891","","",""
"호소","안계호","취수탑","2021.04.19","15.5","7.7","9.9","1.7","2.7","7.6","0","0","0","0","0","","",""
"호소","안계호","취수탑","2021.04.26","14.9","8.1","9.4","1.5","3.6","5.7","0","0","0","0","0","","",""
"호소","안계호","취수탑","2021.05.03","15.6","7.7","10.0","1.3","4.0","4.5","0","0","0","0","0","","",""
"호소","안계호","취수탑","2021.05.10","14.2","7.6","8.8","1.5","3.6","7.9","0","0","0","0","0","","",""
"호소","안계호","취수탑","2021.05.17","17.0","7.6","7.7","1.7","2.6","5.9","0","0","0","0","0","","",""
"호소","안계호","취수탑","2021.05.24","23.1","9.0","10.2","2.3","0.9","7.3","0","0","0","0","0","","",""
"호소","안계호","취수탑","2021.05.31","20.3","8.3","7.4","2.0","1.5","6.9","0","0","0","0","0","","",""
"호소","안계호","취수탑","2021.06.07","20.7","7.3","7.3","2.0","0.5","5.9","0","0","0","0","0","","",""
"호소","안계호","취수탑","2021.06.14","21.9","8.0","7.1","2.0","1.4","9.7","790","95","0","0","695","","",""
"호소","안계호","취수탑","2021.06.21","22.7","8.5","7.5","2.5","0.5","10.4","890","0","0","0","890","","",""
"호소","안계호","취수탑","2021.06.28","24.3","8.4","7.4","2.1","1.2","6.1","1445","0","0","0","1445","","",""
"호소","안계호","취수탑","2021.07.05","23.3","8.0","6.4","1.7","2.5","5.4","1201","0","0","0","1201","","",""
"호소","안계호","취수탑","2021.07.12","24.4","8.1","6.5","1.2","5.1","4.9","2059","178","0","0","1881","","",""
"호소","안계호","취수탑","2021.07.19","25.2","8.0","6.4","1.5","3.4","4.3","1071","490","0","0","581","","",""
"호소","안계호","취수탑","2021.07.26","26.1","8.6","7.3","1.5","3.5","6.6","1782","1703","0","0","79","","",""
"호소","안계호","취수탑","2021.08.02","25.7","8.3","6.2","1.5","3.4","3.9","2984","1426","0","0","1558","","",""
"호소","안계호","취수탑","2021.08.09","25.1","7.9","5.8","2.0","1.7","6.2","669","418","0","0","251","","",""
"호소","안계호","취수탑","2021.08.17","24.4","7.4","5.8","1.5","3.6","5.9","13","0","0","0","13","","",""
"호소","안계호","취수탑","2021.08.23","24.7","7.9","7.4","1.5","3.6","8.0","358","0","0","0","358","","",""
"호소","안계호","취수탑","2021.08.30","26.2","7.9","6.9","0.7","11.0","9.0","1465","752","0","112","601","","",""
"호소","안계호","취수탑","2021.09.06","23.9","7.4","6.3","0.5","14.5","4.2","809","79","0","0","730","","",""
"호소","안계호","취수탑","2021.09.13","23.7","7.6","6.5","0.9","6.9","6.8","2371","239","0","119","2013","","",""
"호소","안계호","취수탑","2021.09.23","23.1","7.4","7.8","0.8","9.0","13.8","310","0","0","0","310","","",""
"호소","안계호","취수탑","2021.09.27","22.8","7.4","7.8","1.2","4.8","15.3","297","0","0","0","297","","",""
"호소","안계호","취수탑","2021.10.05","23.4","7.7","7.4","1.5","3.4","8.6","86","0","0","0","86","","",""
"호소","안계호","취수탑","2021.10.12","21.4","7.7","7.3","1.0","5.6","9.7","40","0","0","0","40","","",""
"호소","안계호","취수탑","2021.10.18","20.0","7.5","7.9","0.8","8.2","7.9","271","0","0","0","271","","",""
"호소","안계호","취수탑","2021.10.25","19.3","7.5","8.3","1.5","3.7","4.8","0","0","0","0","0","","",""
"호소","안계호","취수탑","2021.11.01","17.9","7.2","7.8","1.7","2.6","5.4","46","0","0","0","46","","",""
"호소","안계호","취수탑","2021.11.08","17.4","7.6","8.5","1.5","3.8","9.9","46","0","0","0","46","","",""
"호소","안계호","취수탑","2021.11.15","14.8","7.5","9.2","1.2","4.4","6.1","0","0","0","0","0","","",""
"호소","안계호","취수탑","2021.11.22","14.0","7.7","9.2","1.2","5.1","6.9","0","0","0","0","0","","",""
"호소","안계호","취수탑","2021.11.29","12.6","7.1","8.0","1.3","3.9","7.2","0","0","0","0","0","","",""
"호소","안계호","취수탑","2021.12.06","11.6","8.1","10.6","1.8","2.1","5.5","0","0","0","0","0","","",""
"호소","공산지","중앙부","2021.01.04","","","","","","","","","","","","","",""
"호소","공산지","중앙부","2021.01.11","","","","","","","","","","","","","",""
"호소","공산지","중앙부","2021.01.18","","","","","","","","","","","","","",""
"호소","공산지","중앙부","2021.01.25","","","","","","","","","","","","","",""
"호소","공산지","중앙부","2021.02.01","","","","","","","","","","","","","",""
"호소","공산지","중앙부","2021.02.08","","","","","","","","","","","","","",""
"호소","공산지","중앙부","2021.02.15","","","","","","","","","","","","","",""
"호소","공산지","중앙부","2021.02.22","","","","","","","","","","","","","",""
"호소","공산지","중앙부","2021.03.02","5.2","7.5","12.9","0.8","6.3","16.7","0","0","0","0","0","","",""
"호소","공산지","중앙부","2021.03.08","","","","","","","","","","","","","",""
"호소","공산지","중앙부","2021.03.15","8.2","7.6","11.8","1.0","11.8","27.8","0","0","0","0","0","","",""
"호소","공산지","중앙부","2021.03.22","9.1","7.6","12.6","1.0","6.0","30.7","0","0","0","0","0","","",""
"호소","공산지","중앙부","2021.03.29","10.6","7.6","12.5","1.0","3.6","20.0","0","0","0","0","0","","",""
"호소","공산지","중앙부","2021.04.05","11.9","7.9","11.7","1.0","5.8","25.1","0","0","0","0","0","","",""
"호소","공산지","중앙부","2021.04.12","","","","","","","","","","","","","",""
"호소","공산지","중앙부","2021.04.19","13.8","8.0","11.6","1.0","5.8","18.3","0","0","0","0","0","","",""
"호소","공산지","중앙부","2021.04.26","15.6","7.9","11.3","1.0","4.5","17.5","0","0","0","0","0","","",""
"호소","공산지","중앙부","2021.05.03","16.3","7.9","10.7","0.9","9.7","23.9","0","0","0","0","0","","",""
"호소","공산지","중앙부","2021.05.10","13.8","8.0","10.7","0.8","9.8","41.3","0","0","0","0","0","","",""
"호소","공산지","중앙부","2021.05.17","17.8","7.9","10.9","0.8","8.1","12.9","0","0","0","0","0","","",""
"호소","공산지","중앙부","2021.05.24","19.2","7.6","8.9","1.0","4.9","15.1","0","0","0","0","0","","",""
"호소","공산지","중앙부","2021.05.31","20.3","7.8","9.9","1.0","4.3","28.9","0","0","0","0","0","","",""
"호소","공산지","중앙부","2021.06.07","21.5","7.8","9.0","1.0","5.6","20.2","0","0","0","0","0","","",""
"호소","공산지","중앙부","2021.06.14","22.7","7.4","7.9","1.0","7.0","9.0","0","0","0","0","0","","",""
"호소","공산지","중앙부","2021.06.21","23.0","7.7","6.4","1.0","5.9","18.4","0","0","0","0","0","","",""
"호소","공산지","중앙부","2021.06.28","24.5","7.5","7.1","1.0","5.4","28.8","0","0","0","0","0","","",""
"호소","공산지","중앙부","2021.07.05","24.6","7.5","6.7","1.0","5.7","24.4","360","360","0","0","0","","",""
"호소","공산지","중앙부","2021.07.12","23.5","7.7","6.7","0.9","15.0","9.9","234","0","234","0","0","","",""
"호소","공산지","중앙부","2021.07.19","23.9","8.0","5.1","1.0","10.9","26.8","612","90","522","0","0","","",""
"호소","공산지","중앙부","2021.07.26","25.1","8.0","7.9","1.0","10.6","24.3","8010","2170","5840","0","0","","",""
"호소","공산지","중앙부","2021.08.02","26.0","8.0","6.8","1.0","7.9","25.6","5928","960","4968","0","0","","",""
"호소","공산지","중앙부","2021.08.09","26.0","7.6","6.0","1.0","6.1","6.1","4852","3880","972","0","0","","",""
"호소","공산지","중앙부","2021.08.17","25.7","7.5","5.5","1.0","7.0","6.1","912","756","156","0","0","","",""
"호소","공산지","중앙부","2021.08.23","","","","","","","","","","","","","",""
"호소","공산지","중앙부","2021.08.30","23.1","7.3","6.4","1.0","7.5","8.5","0","0","0","0","0","","",""
"호소","공산지","중앙부","2021.09.06","21.5","7.4","6.8","1.0","6.6","13.2","228","228","0","0","0","","",""
"호소","공산지","중앙부","2021.09.13","22.2","7.6","7.2","1.0","4.4","22.1","2700","2700","0","0","0","","",""
"호소","공산지","중앙부","2021.09.23","22.0","7.3","6.4","1.0","3.6","15.0","20","20","0","0","0","","",""
"호소","공산지","중앙부","2021.09.27","21.5","7.3","6.2","1.0","3.6","9.4","410","410","0","0","0","","",""
"호소","공산지","중앙부","2021.10.05","22.5","7.4","6.5","1.0","3.5","10.5","696","696","0","0","0","","",""
"호소","공산지","중앙부","2021.10.12","20.9","7.4","7.0","1.0","2.9","6.3","184","184","0","0","0","","",""
"호소","공산지","중앙부","2021.10.18","19.8","7.3","7.3","1.0","3.2","6.9","30","30","0","0","0","","",""
"호소","공산지","중앙부","2021.10.25","18.5","7.4","7.3","1.0","3.4","5.9","332","332","0","0","0","","",""
"호소","공산지","중앙부","2021.11.01","17.2","7.3","7.5","1.2","3.8","4.0","0","0","0","0","0","","",""
"호소","공산지","중앙부","2021.11.08","","","","","","","","","","","","","",""
"호소","공산지","중앙부","2021.11.15","14.4","7.4","8.5","1.2","2.4","5.4","0","0","0","0","0","","",""
"호소","공산지","중앙부","2021.11.22","13.2","7.4","8.8","1.0","2.8","5.0","0","0","0","0","0","","",""
"호소","공산지","중앙부","2021.11.29","11.7","7.5","9.8","1.2","2.4","7.1","0","0","0","0","0","","",""
"호소","공산지","중앙부","2021.12.06","","","","","","","","","","","","","",""
"호소","공산지","취수탑","2021.01.04","3.7","8.0","13.0","1.0","2.1","7.9","0","0","0","0","0","","",""
"호소","공산지","취수탑","2021.01.11","2.1","7.9","12.9","1.0","1.6","6.7","0","0","0","0","0","","",""
"호소","공산지","취수탑","2021.01.18","1.6","7.8","8.4","0.8","1.6","10.0","0","0","0","0","0","","",""
"호소","공산지","취수탑","2021.01.25","3.6","7.5","12.4","1.0","2.4","9.5","0","0","0","0","0","","",""
"호소","공산지","취수탑","2021.02.01","2.6","7.5","13.2","0.8","2.2","7.7","0","0","0","0","0","","",""
"호소","공산지","취수탑","2021.02.08","2.8","7.5","13.5","1.0","2.0","5.4","0","0","0","0","0","","",""
"호소","공산지","취수탑","2021.02.15","3.7","7.5","13.0","0.8","2.2","7.7","0","0","0","0","0","","",""
"호소","공산지","취수탑","2021.02.22","5.9","7.5","12.8","0.9","3.2","9.9","0","0","0","0","0","","",""
"호소","공산지","취수탑","2021.03.02","5.5","7.3","11.8","0.5","24.2","18.1","0","0","0","0","0","","",""
"호소","공산지","취수탑","2021.03.08","6.1","7.3","12.0","0.8","10.8","22.0","0","0","0","0","0","","",""
"호소","공산지","취수탑","2021.03.15","7.8","7.6","11.4","1.0","11.4","26.7","0","0","0","0","0","","",""
"호소","공산지","취수탑","2021.03.22","9.0","7.6","12.4","1.0","6.3","31.2","0","0","0","0","0","","",""
"호소","공산지","취수탑","2021.03.29","10.3","7.7","12.6","1.0","4.4","19.8","0","0","0","0","0","","",""
"호소","공산지","취수탑","2021.04.05","11.5","7.9","12.3","1.0","7.5","25.0","0","0","0","0","0","","",""
"호소","공산지","취수탑","2021.04.12","12.3","8.1","11.7","0.9","4.7","26.0","0","0","0","0","0","","",""
"호소","공산지","취수탑","2021.04.19","13.5","7.9","11.9","1.0","5.2","20.9","0","0","0","0","0","","",""
"호소","공산지","취수탑","2021.04.26","15.5","7.9","10.8","1.0","4.0","18.5","0","0","0","0","0","","",""
"호소","공산지","취수탑","2021.05.03","16.7","8.0","10.8","0.9","9.3","21.9","0","0","0","0","0","","",""
"호소","공산지","취수탑","2021.05.10","16.9","8.1","10.9","0.8","9.6","45.3","0","0","0","0","0","","",""
"호소","공산지","취수탑","2021.05.17","17.6","7.9","11.0","0.8","8.5","14.1","0","0","0","0","0","","",""
"호소","공산지","취수탑","2021.05.24","18.7","7.6","9.1","1.0","5.0","11.8","0","0","0","0","0","","",""
"호소","공산지","취수탑","2021.05.31","20.2","7.9","9.8","1.0","4.6","40.5","0","0","0","0","0","","",""
"호소","공산지","취수탑","2021.06.07","22.3","7.8","9.0","1.0","5.8","20.7","0","0","0","0","0","","",""
"호소","공산지","취수탑","2021.06.14","22.8","7.5","7.4","1.0","6.0","33.0","0","0","0","0","0","","",""
"호소","공산지","취수탑","2021.06.21","23.2","7.5","7.0","1.0","8.3","12.4","0","0","0","0","0","","",""
"호소","공산지","취수탑","2021.06.28","24.2","7.6","7.9","1.0","7.3","41.0","0","0","0","0","0","","",""
"호소","공산지","취수탑","2021.07.05","24.2","7.5","6.8","1.0","8.5","24.9","790","790","0","0","0","","",""
"호소","공산지","취수탑","2021.07.12","23.9","7.7","7.6","0.9","19.6","8.7","369","0","369","0","0","","",""
"호소","공산지","취수탑","2021.07.19","25.4","9.0","8.2","1.0","11.2","31.4","910","0","910","0","0","","",""
"호소","공산지","취수탑","2021.07.26","25.4","7.5","7.9","1.0","10.8","27.1","5424","1400","4024","0","0","","",""
"호소","공산지","취수탑","2021.08.02","26.2","7.8","6.4","1.0","34.0","36.3","46120","41560","4560","0","0","","",""
"호소","공산지","취수탑","2021.08.09","26.1","7.6","6.1","1.0","9.5","11.1","8942","8858","84","0","0","","",""
"호소","공산지","취수탑","2021.08.17","25.6","7.4","5.7","1.0","5.5","10.3","5420","5280","140","0","0","","",""
"호소","공산지","취수탑","2021.08.23","24.8","7.3","5.9","0.8","11.5","10.5","2240","2240","0","0","0","","",""
"호소","공산지","취수탑","2021.08.30","23.0","7.2","6.3","1.0","7.7","3.9","0","0","0","0","0","","",""
"호소","공산지","취수탑","2021.09.06","21.6","7.4","6.8","1.0","8.1","15.3","5530","5530","0","0","0","","",""
"호소","공산지","취수탑","2021.09.13","21.9","7.4","7.5","1.0","4.8","14.7","440","440","0","0","0","","",""
"호소","공산지","취수탑","2021.09.23","21.6","7.3","6.3","1.0","4.8","14.2","890","890","0","0","0","","",""
"호소","공산지","취수탑","2021.09.27","21.5","7.3","5.9","1.0","5.0","12.0","80","80","0","0","0","","",""
"호소","공산지","취수탑","2021.10.05","22.2","7.2","6.3","1.0","4.3","7.0","164","164","0","0","0","","",""
"호소","공산지","취수탑","2021.10.12","21.2","7.4","7.1","1.0","2.9","8.2","920","920","0","0","0","","",""
"호소","공산지","취수탑","2021.10.18","20.1","7.4","7.2","1.0","3.6","6.4","640","640","0","0","0","","",""
"호소","공산지","취수탑","2021.10.25","18.5","7.4","7.5","1.0","3.3","6.7","148","148","0","0","0","","",""
"호소","공산지","취수탑","2021.11.01","17.1","7.4","7.9","1.2","4.0","4.2","0","0","0","0","0","","",""
"호소","공산지","취수탑","2021.11.08","16.2","7.4","8.1","0.8","4.0","5.4","0","0","0","0","0","","",""
"호소","공산지","취수탑","2021.11.15","14.4","7.4","8.4","1.2","3.1","6.4","0","0","0","0","0","","",""
"호소","공산지","취수탑","2021.11.22","13.2","7.3","8.9","1.0","2.2","4.3","0","0","0","0","0","","",""
"호소","공산지","취수탑","2021.11.29","11.6","7.5","9.9","1.2","3.2","7.6","270","0","0","270","0","","",""
"호소","공산지","취수탑","2021.12.06","9.4","7.6","10.0","1.2","2.3","10.9","0","0","0","0","0","","",""
"호소","진전지","상류","2021.01.04","5.5","8.1","9.5","","0.1","1.3","0","0","0","0","0","","",""
"호소","진전지","상류","2021.01.11","4.8","6.6","6.1","","1.1","3.8","0","0","0","0","0","","",""
"호소","진전지","상류","2021.01.18","6.7","7.5","9.5","","1.3","3.8","0","0","0","0","0","","",""
"호소","진전지","상류","2021.01.25","5.9","7.7","9.5","","0.1","0.6","0","0","0","0","0","","",""
"호소","진전지","상류","2021.02.01","5.8","7.1","9.5","","0.2","0.1","0","0","0","0","0","","",""
"호소","진전지","상류","2021.02.08","5.7","7.1","11.5","","0.1","0.5","0","0","0","0","0","","",""
"호소","진전지","상류","2021.02.15","7.1","7.3","11.0","","0.1","0.4","0","0","0","0","0","","",""
"호소","진전지","상류","2021.02.22","9.9","7.3","10.1","","0.1","0.3","0","0","0","0","0","","",""
"호소","진전지","상류","2021.03.02","5.8","7.4","9.8","","1.3","1.3","0","0","0","0","0","","",""
"호소","진전지","상류","2021.03.08","7.5","7.3","9.0","","0.1","0.2","0","0","0","0","0","","",""
"호소","진전지","상류","2021.03.15","8.8","7.4","9.0","","0.4","1.4","0","0","0","0","0","","",""
"호소","진전지","상류","2021.03.22","7.1","7.3","11.0","","0.1","1.2","0","0","0","0","0","","",""
"호소","진전지","상류","2021.03.29","","","","","0.1","2.5","0","0","0","0","0","","",""
"호소","진전지","상류","2021.04.05","","","","","0.6","2.2","0","0","0","0","0","","",""
"호소","진전지","상류","2021.04.12","","","","","0.1","0.2","0","0","0","0","0","","",""
"호소","진전지","상류","2021.04.19","","","","","0.1","0.8","0","0","0","0","0","","",""
"호소","진전지","상류","2021.04.26","","","","","1.7","1.9","0","0","0","0","0","","",""
"호소","진전지","상류","2021.05.03","","","","","0.2","1.3","0","0","0","0","0","","",""
"호소","진전지","상류","2021.05.10","","","","","0.1","0.7","0","0","0","0","0","","",""
"호소","진전지","상류","2021.05.17","","","","","0.2","0.9","0","0","0","0","0","","",""
"호소","진전지","상류","2021.05.24","","","","","0.2","0.6","0","0","0","0","0","","",""
"호소","진전지","상류","2021.05.31","","","","","0.1","0.5","0","0","0","0","0","","",""
"호소","진전지","상류","2021.06.07","20.1","6.9","9.7","","0.1","0.2","0","0","0","0","0","","",""
"호소","진전지","상류","2021.06.14","","","","","0.1","0.1","0","0","0","0","0","","",""
"호소","진전지","상류","2021.06.21","","","","","0.1","0.3","0","0","0","0","0","","",""
"호소","진전지","상류","2021.06.28","","","","","0.1","0.7","0","0","0","0","0","","",""
"호소","진전지","상류","2021.07.05","","","","","0.2","0.4","0","0","0","0","0","","",""
"호소","진전지","상류","2021.07.12","","","","","0.3","0.9","0","0","0","0","0","","",""
"호소","진전지","상류","2021.07.19","","","","","0.2","1.2","0","0","0","0","0","","",""
"호소","진전지","상류","2021.07.26","","","","","0.2","1.2","0","0","0","0","0","","",""
"호소","진전지","상류","2021.08.02","","","","","0.2","1.2","0","0","0","0","0","","",""
"호소","진전지","상류","2021.08.09","","","","","1.1","0.6","0","0","0","0","0","","",""
"호소","진전지","상류","2021.08.17","","","","","1.4","1.0","0","0","0","0","0","","",""
"호소","진전지","상류","2021.08.23","","","","","0.6","0.7","0","0","0","0","0","","",""
"호소","진전지","상류","2021.08.30","","","","","0.4","0.6","0","0","0","0","0","","",""
"호소","진전지","상류","2021.09.06","","","","","0.5","0.7","0","0","0","0","0","","",""
"호소","진전지","상류","2021.09.13","","","","","0.3","1.5","0","0","0","0","0","","",""
"호소","진전지","상류","2021.09.23","","","","","0.3","1.3","0","0","0","0","0","","",""
"호소","진전지","상류","2021.09.27","","","","","0.2","1.1","0","0","0","0","0","","",""
"호소","진전지","상류","2021.10.05","","","","","0.3","0.9","0","0","0","0","0","","",""
"호소","진전지","상류","2021.10.12","","","","","0.3","0.8","0","0","0","0","0","","",""
"호소","진전지","상류","2021.10.18","","","","","0.3","0.8","0","0","0","0","0","","",""
"호소","진전지","상류","2021.10.25","10.0","6.9","8.7","1.7","0.2","0.8","0","0","0","0","0","","",""
"호소","진전지","상류","2021.11.01","12.5","7.0","8.7","1.7","0.3","1.4","0","0","0","0","0","","",""
"호소","진전지","상류","2021.11.08","12.2","7.0","8.8","1.7","0.3","2.5","0","0","0","0","0","","",""
"호소","진전지","상류","2021.11.15","12.1","7.0","8.7","1.7","0.2","0.6","0","0","0","0","0","","",""
"호소","진전지","상류","2021.11.22","9.7","6.9","8.8","1.7","0.4","1.8","0","0","0","0","0","","",""
"호소","진전지","상류","2021.11.29","9.8","7.0","8.7","1.7","0.3","0.4","0","0","0","0","0","","",""
"호소","진전지","하류","2021.01.04","4.9","7.9","7.2","","1.2","2.3","0","0","0","0","0","","",""
"호소","진전지","하류","2021.01.11","4.5","6.2","5.9","","1.2","3.3","0","0","0","0","0","","",""
"호소","진전지","하류","2021.01.18","6.5","7.7","7.2","","1.3","3.6","0","0","0","0","0","","",""
"호소","진전지","하류","2021.01.25","5.9","7.5","7.2","","1.9","3.5","0","0","0","0","0","","",""
"호소","진전지","하류","2021.02.01","6.0","6.9","7.2","","1.6","2.7","0","0","0","0","0","","",""
"호소","진전지","하류","2021.02.08","4.8","7.1","12.6","","1.5","4.5","0","0","0","0","0","","",""
"호소","진전지","하류","2021.02.15","6.5","7.3","10.1","","2.0","4.4","0","0","0","0","0","","",""
"호소","진전지","하류","2021.02.22","8.9","7.3","10.5","","0.6","5.0","0","0","0","0","0","","",""
"호소","진전지","하류","2021.03.02","6.2","7.3","8.8","","3.3","5.5","0","0","0","0","0","","",""
"호소","진전지","하류","2021.03.08","8.0","7.3","9.5","","3.5","6.5","0","0","0","0","0","","",""
"호소","진전지","하류","2021.03.15","8.0","7.4","9.5","","3.7","2.9","0","0","0","0","0","","",""
"호소","진전지","하류","2021.03.22","6.5","7.3","10.1","","2.4","3.4","0","0","0","0","0","","",""
"호소","진전지","하류","2021.03.29","","","","","1.3","4.8","0","0","0","0","0","","",""
"호소","진전지","하류","2021.04.05","","","","","1.8","4.9","0","0","0","0","0","","",""
"호소","진전지","하류","2021.04.12","","","","","1.6","6.4","0","0","0","0","0","","",""
"호소","진전지","하류","2021.04.19","","","","","0.8","5.6","0","0","0","0","0","","",""
"호소","진전지","하류","2021.04.26","","","","","1.1","5.7","0","0","0","0","0","","",""
"호소","진전지","하류","2021.05.03","","","","","1.2","8.0","0","0","0","0","0","","",""
"호소","진전지","하류","2021.05.10","","","","","0.9","11.1","0","0","0","0","0","","",""
"호소","진전지","하류","2021.05.17","","","","","0.9","8.2","0","0","0","0","0","","",""
"호소","진전지","하류","2021.05.24","","","","","1.5","4.8","0","0","0","0","0","","",""
"호소","진전지","하류","2021.05.31","","","","","1.1","4.7","0","0","0","0","0","","",""
"호소","진전지","하류","2021.06.07","21.5","6.7","6.3","","1.1","10.1","0","0","0","0","0","","",""
"호소","진전지","하류","2021.06.14","","","","","1.8","13.8","0","0","0","0","0","","",""
"호소","진전지","하류","2021.06.21","","","","","1.9","9.1","0","0","0","0","0","","",""
"호소","진전지","하류","2021.06.28","","","","","1.3","8.5","0","0","0","0","0","","",""
"호소","진전지","하류","2021.07.05","","","","","1.2","8.9","0","0","0","0","0","","",""
"호소","진전지","하류","2021.07.12","","","","","1.8","4.1","0","0","0","0","0","","",""
"호소","진전지","하류","2021.07.19","","","","","1.8","7.0","0","0","0","0","0","","",""
"호소","진전지","하류","2021.07.26","","","","","1.8","7.0","0","0","0","0","0","","",""
"호소","진전지","하류","2021.08.02","","","","","1.6","11.2","0","0","0","0","0","","",""
"호소","진전지","하류","2021.08.09","","","","","1.8","16.3","0","0","0","0","0","","",""
"호소","진전지","하류","2021.08.17","","","","","1.6","6.1","0","0","0","0","0","","",""
"호소","진전지","하류","2021.08.23","","","","","3.1","3.8","0","0","0","0","0","","",""
"호소","진전지","하류","2021.08.30","","","","","10.7","1.0","0","0","0","0","0","","",""
"호소","진전지","하류","2021.09.06","","","","","5.2","1.9","0","0","0","0","0","","",""
"호소","진전지","하류","2021.09.13","","","","","2.2","7.1","0","0","0","0","0","","",""
"호소","진전지","하류","2021.09.23","","","","","2.2","6.8","0","0","0","0","0","","",""
"호소","진전지","하류","2021.09.27","","","","","1.4","6.0","0","0","0","0","0","","",""
"호소","진전지","하류","2021.10.05","","","","","1.3","9.3","0","0","0","0","0","","",""
"호소","진전지","하류","2021.10.12","","","","","1.3","8.6","0","0","0","0","0","","",""
"호소","진전지","하류","2021.10.18","","","","","2.1","9.7","0","0","0","0","0","","",""
"호소","진전지","하류","2021.10.25","15.0","7.2","7.3","1.4","1.6","7.7","156","136","20","0","0","","",""
"호소","진전지","하류","2021.11.01","15.7","7.2","7.3","1.4","2.9","3.7","61","61","0","0","0","","",""
"호소","진전지","하류","2021.11.08","15.7","7.2","7.4","1.4","2.2","3.5","0","0","0","0","0","","",""
"호소","진전지","하류","2021.11.15","15.4","7.2","7.4","1.4","1.9","4.8","12","12","0","0","0","","",""
"호소","진전지","하류","2021.11.22","13.1","7.1","7.4","1.4","2.8","3.2","0","0","0","0","0","","",""
"호소","진전지","하류","2021.11.29","13.2","7.2","7.4","1.4","2.1","6.4","14","14","0","0","0","","",""
"호소","사연호","취수탑","2021.01.04","3.0","7.3","12.2","2.0","2.3","9.9","0","0","0","0","0","","",""
"호소","사연호","취수탑","2021.01.11","","","","","","","","","","","","","",""
"호소","사연호","취수탑","2021.01.18","","","","","","","","","","","","","",""
"호소","사연호","취수탑","2021.01.25","4.1","7.5","12.7","3.2","1.5","4.1","297","0","0","0","297","","",""
"호소","사연호","취수탑","2021.02.02","4.2","7.6","13.1","1.8","2.0","3.3","0","0","0","0","0","","",""
"호소","사연호","취수탑","2021.02.08","3.9","7.7","12.7","3.0","1.5","6.0","0","0","0","0","0","","",""
"호소","사연호","취수탑","2021.02.15","5.9","7.8","12.4","2.0","1.1","4.9","0","0","0","0","0","","",""
"호소","사연호","취수탑","2021.02.22","6.8","7.7","12.4","1.8","1.9","6.6","0","0","0","0","0","","",""
"호소","사연호","취수탑","2021.03.02","6.2","7.6","12.3","1.5","2.0","9.5","0","0","0","0","0","","",""
"호소","사연호","취수탑","2021.03.08","7.5","7.5","11.7","1.0","5.9","6.8","0","0","0","0","0","","",""
"호소","사연호","취수탑","2021.03.15","8.8","7.6","11.5","1.3","3.2","9.2","0","0","0","0","0","","",""
"호소","사연호","취수탑","2021.03.22","8.9","7.7","11.0","1.2","3.0","9.6","0","0","0","0","0","","",""
"호소","사연호","취수탑","2021.03.29","10.2","7.7","10.1","1.1","3.3","7.4","0","0","0","0","0","","",""
"호소","사연호","취수탑","2021.04.05","10.1","7.7","9.6","1.5","5.2","4.8","0","0","0","0","0","","",""
"호소","사연호","취수탑","2021.04.13","12.5","7.5","9.0","2.5","2.2","5.7","0","0","0","0","0","","",""
"호소","사연호","취수탑","2021.04.19","12.9","7.8","9.5","2.0","2.0","6.0","0","0","0","0","0","","",""
"호소","사연호","취수탑","2021.04.26","12.0","7.8","9.5","2.3","1.9","4.6","0","0","0","0","0","","",""
"호소","사연호","취수탑","2021.05.03","12.7","7.8","8.1","2.1","2.6","6.8","0","0","0","0","0","","",""
"호소","사연호","취수탑","2021.05.10","11.7","7.8","7.5","1.5","2.9","6.2","0","0","0","0","0","","",""
"호소","사연호","취수탑","2021.05.17","13.8","7.7","7.4","1.5","3.1","11.3","0","0","0","0","0","","",""
"호소","사연호","취수탑","2021.05.24","14.1","7.5","6.5","1.5","3.2","5.8","255","0","0","0","255","","",""
"호소","사연호","취수탑","2021.05.31","13.9","7.9","6.3","1.6","3.0","5.6","538","0","0","0","538","","",""
"호소","사연호","취수탑","2021.06.07","17.0","7.7","6.3","1.5","5.5","9.7","1416","0","0","0","1416","","",""
"호소","사연호","취수탑","2021.06.15","18.9","7.5","7.2","1.3","4.8","16.7","5212","56","0","0","5156","","",""
"호소","사연호","취수탑","2021.06.21","21.3","7.5","6.7","1.5","4.6","5.8","438","42","0","0","396","","",""
"호소","사연호","취수탑","2021.06.28","20.8","7.6","6.4","1.5","7.6","3.2","198","0","0","0","198","","",""
"호소","사연호","취수탑","2021.07.05","21.8","7.3","6.1","1.2","5.6","3.4","0","0","0","0","0","","",""
"호소","사연호","취수탑","2021.07.12","24.7","7.7","7.2","1.6","7.2","6.4","0","0","0","0","0","","",""
"호소","사연호","취수탑","2021.07.19","23.1","7.5","5.3","1.0","5.7","5.4","297","42","0","0","255","","",""
"호소","사연호","취수탑","2021.07.26","25.3","7.7","5.0","0.9","7.6","7.3","113","0","85","0","28","","",""
"호소","사연호","취수탑","2021.08.02","25.3","7.7","4.0","1.0","7.2","6.7","1387","1232","0","0","155","","",""
"호소","사연호","취수탑","2021.08.09","26.3","7.7","3.8","0.9","7.2","4.0","906","821","0","0","85","","",""
"호소","사연호","취수탑","2021.08.17","26.0","7.7","4.9","0.9","6.5","7.4","1189","906","0","0","283","","",""
"호소","사연호","취수탑","2021.08.23","24.4","7.1","6.2","1.2","17.5","8.8","963","99","0","0","864","","",""
"호소","사연호","취수탑","2021.08.30","23.7","7.0","6.7","0.2","37.5","1.6","70","70","0","0","0","","",""
"호소","사연호","취수탑","2021.09.06","22.6","6.6","5.5","0.4","17.7","20.6","680","680","0","0","0","","",""
"호소","사연호","취수탑","2021.09.13","23.4","6.4","5.8","0.9","14.8","6.9","495","283","0","0","212","","",""
"호소","사연호","취수탑","2021.09.23","23.0","6.5","6.3","0.9","5.1","14.8","963","609","0","0","354","","",""
"호소","사연호","취수탑","2021.09.27","23.0","6.3","5.9","1.1","4.7","14.0","938","840","0","0","98","","",""
"호소","사연호","취수탑","2021.10.05","23.3","6.6","5.2","1.1","4.7","9.8","926","775","0","0","151","","",""
"호소","사연호","취수탑","2021.10.12","22.0","7.3","5.7","0.8","4.7","12.7","924","580","32","0","312","","",""
"호소","사연호","취수탑","2021.10.18","20.7","6.9","7.2","1.0","5.0","8.7","615","298","0","0","317","","",""
"호소","사연호","취수탑","2021.10.25","18.7","7.1","8.3","1.0","3.2","22.8","988","348","0","0","640","","",""
"호소","사연호","취수탑","2021.11.01","17.2","7.1","9.1","0.9","3.8","23.1","674","0","73","0","601","","",""
"호소","사연호","취수탑","2021.11.08","16.4","7.2","8.7","1.0","2.7","40.9","99","0","0","0","99","","",""
"호소","사연호","취수탑","2021.11.15","14.5","7.3","9.6","0.8","3.3","10.1","713","0","0","0","713","","",""
"호소","사연호","취수탑","2021.11.22","13.5","7.8","9.5","1.2","2.9","5.3","343","0","0","0","343","","",""
"호소","사연호","취수탑","2021.11.29","11.4","7.6","10.5","1.1","4.3","3.2","0","0","0","0","0","","",""
"호소","사연호","취수탑","2021.12.06","9.5","7.7","10.7","1.2","4.7","2.3","0","0","0","0","0","","",""
"호소","사연호","반연리","2021.01.04","3.0","7.3","12.2","2.5","2.2","8.8","0","0","0","0","0","","",""
"호소","사연호","반연리","2021.01.11","","","","","","","","","","","","","",""
"호소","사연호","반연리","2021.01.18","","","","","","","","","","","","","",""
"호소","사연호","반연리","2021.01.25","5.0","7.5","12.8","2.2","2.3","4.5","0","0","0","0","0","","",""
"호소","사연호","반연리","2021.02.02","3.8","7.7","12.9","2.0","2.0","4.7","0","0","0","0","0","","",""
"호소","사연호","반연리","2021.02.08","4.6","7.8","12.8","2.3","1.6","6.0","0","0","0","0","0","","",""
"호소","사연호","반연리","2021.02.15","7.2","7.9","12.6","1.8","1.7","5.8","0","0","0","0","0","","",""
"호소","사연호","반연리","2021.02.22","7.8","7.6","12.4","1.8","1.7","7.3","184","0","0","0","184","","",""
"호소","사연호","반연리","2021.03.02","7.1","7.7","12.0","1.0","4.3","8.0","0","0","0","0","0","","",""
"호소","사연호","반연리","2021.03.08","7.4","7.5","11.6","1.0","5.4","6.5","0","0","0","0","0","","",""
"호소","사연호","반연리","2021.03.15","10.5","7.6","11.2","1.2","4.4","6.3","0","0","0","0","0","","",""
"호소","사연호","반연리","2021.03.22","11.0","7.8","11.3","0.7","6.0","10.8","0","0","0","0","0","","",""
"호소","사연호","반연리","2021.03.29","13.1","7.7","10.6","0.6","9.2","10.2","0","0","0","0","0","","",""
"호소","사연호","반연리","2021.04.05","13.7","7.7","10.0","1.1","9.0","8.8","0","0","0","0","0","","",""
"호소","사연호","반연리","2021.04.13","15.4","7.7","10.0","2.0","2.9","7.3","0","0","0","0","0","","",""
"호소","사연호","반연리","2021.04.19","17.4","7.9","10.9","1.9","2.6","6.9","170","0","0","0","170","","",""
"호소","사연호","반연리","2021.04.26","15.5","7.8","8.9","1.7","2.7","5.9","0","0","0","0","0","","",""
"호소","사연호","반연리","2021.05.03","18.7","8.0","9.7","1.1","4.3","12.2","0","0","0","0","0","","",""
"호소","사연호","반연리","2021.05.10","18.3","8.1","10.2","1.0","5.4","22.1","368","0","0","0","368","","",""
"호소","사연호","반연리","2021.05.17","18.5","8.0","8.5","1.2","5.0","16.7","198","0","0","0","198","","",""
"호소","사연호","반연리","2021.05.24","19.0","7.6","7.9","1.2","7.7","27.4","269","0","0","0","269","","",""
"호소","사연호","반연리","2021.05.31","18.2","7.9","6.5","1.4","6.7","12.9","1473","0","0","0","1473","","",""
"호소","사연호","반연리","2021.06.07","20.5","7.7","8.5","1.5","3.8","13.8","2507","0","0","0","2507","","",""
"호소","사연호","반연리","2021.06.15","20.1","7.6","7.5","0.9","5.8","9.5","3102","170","0","0","2932","","",""
"호소","사연호","반연리","2021.06.21","21.6","7.5","7.9","1.5","3.4","9.7","935","85","0","0","850","","",""
"호소","사연호","반연리","2021.06.28","22.4","7.7","7.3","1.4","7.7","8.0","340","0","0","0","340","","",""
"호소","사연호","반연리","2021.07.05","23.1","7.5","6.6","0.4","4.2","12.1","0","0","0","0","0","","",""
"호소","사연호","반연리","2021.07.12","24.3","7.8","6.6","1.3","6.7","10.0","155","0","0","0","155","","",""
"호소","사연호","반연리","2021.07.19","26.2","7.9","8.4","1.1","3.0","16.4","594","56","0","0","538","","",""
"호소","사연호","반연리","2021.07.26","26.8","7.9","5.8","0.9","3.5","12.0","325","0","0","0","325","","",""
"호소","사연호","반연리","2021.08.02","27.5","7.8","4.6","1.0","5.3","11.6","2011","1473","0","0","538","","",""
"호소","사연호","반연리","2021.08.09","27.2","7.8","4.6","0.9","5.2","10.1","1940","1685","0","0","255","","",""
"호소","사연호","반연리","2021.08.17","26.8","7.8","5.3","0.9","7.1","12.8","1529","765","99","0","665","","",""
"호소","사연호","반연리","2021.08.23","25.2","7.4","6.4","1.0","9.1","10.1","452","56","0","0","396","","",""
"호소","사연호","반연리","2021.08.30","23.7","7.6","6.4","0.2","21.1","1.7","0","0","0","0","0","","",""
"호소","사연호","반연리","2021.09.06","23.2","7.0","4.4","0.7","7.7","8.6","99","99","0","0","0","","",""
"호소","사연호","반연리","2021.09.13","24.1","7.0","5.1","1.0","4.6","10.8","877","722","0","0","155","","",""
"호소","사연호","반연리","2021.09.23","23.2","7.3","5.3","1.0","4.1","20.0","765","765","0","0","0","","",""
"호소","사연호","반연리","2021.09.27","23.1","7.7","6.2","1.0","6.3","19.9","1839","1686","0","0","153","","",""
"호소","사연호","반연리","2021.10.05","23.2","7.2","5.9","1.0","5.3","11.8","1325","937","0","0","388","","",""
"호소","사연호","반연리","2021.10.12","22.5","7.8","6.4","0.6","5.6","9.2","2305","1175","0","0","1130","","",""
"호소","사연호","반연리","2021.10.18","20.9","7.4","7.3","1.0","5.1","14.7","773","199","26","0","548","","",""
"호소","사연호","반연리","2021.10.25","18.9","8.2","9.4","1.0","3.0","28.1","1037","0","172","0","865","","",""
"호소","사연호","반연리","2021.11.01","17.2","7.9","9.9","0.9","3.3","41.0","1159","0","0","0","1159","","",""
"호소","사연호","반연리","2021.11.08","16.4","8.3","11.0","0.6","4.0","20.6","0","0","0","0","0","","",""
"호소","사연호","반연리","2021.11.15","14.4","8.0","10.2","1.0","3.5","17.9","469","0","0","0","469","","",""
"호소","사연호","반연리","2021.11.22","13.6","8.4","10.4","1.4","2.6","10.7","0","0","0","0","0","","",""
"호소","사연호","반연리","2021.11.29","11.7","7.7","10.3","1.2","2.8","5.6","0","0","0","0","0","","",""
"호소","사연호","반연리","2021.12.06","9.6","8.0","10.9","1.2","2.2","3.1","198","0","0","0","198","","",""
"호소","회야호","취수탑","2021.01.04","5.2","7.6","11.2","","2.2","9.7","0","0","0","0","0","","",""
"호소","회야호","취수탑","2021.01.11","2.0","8.2","10.9","","1.6","27.2","0","0","0","0","0","","",""
"호소","회야호","취수탑","2021.01.18","3.4","8.1","11.1","","2.9","11.2","0","0","0","0","0","","",""
"호소","회야호","취수탑","2021.01.25","5.4","7.6","11.2","2.2","4.2","22.8","0","0","0","0","0","","",""
"호소","회야호","취수탑","2021.02.01","5.7","7.5","11.8","2.0","4.4","13.9","0","0","0","0","0","","",""
"호소","회야호","취수탑","2021.02.08","7.1","7.7","12.6","1.4","2.8","27.1","0","0","0","0","0","","",""
"호소","회야호","취수탑","2021.02.15","7.7","7.7","11.5","1.2","3.5","15.1","0","0","0","0","0","","",""
"호소","회야호","취수탑","2021.02.22","7.9","7.6","10.9","1.6","5.1","18.0","0","0","0","0","0","","",""
"호소","회야호","취수탑","2021.03.02","7.9","7.7","10.5","1.5","5.2","13.6","0","0","0","0","0","","",""
"호소","회야호","취수탑","2021.03.08","8.6","7.6","10.2","1.1","7.0","6.8","0","0","0","0","0","","",""
"호소","회야호","취수탑","2021.03.15","10.4","8.0","9.4","","5.1","14.7","0","0","0","0","0","","",""
"호소","회야호","취수탑","2021.03.22","11.2","8.1","8.6","","2.6","6.6","0","0","0","0","0","","",""
"호소","회야호","취수탑","2021.03.29","13.2","7.6","7.8","","5.8","2.0","0","0","0","0","0","","",""
"호소","회야호","취수탑","2021.04.05","11.8","7.6","7.7","","3.5","1.4","0","0","0","0","0","","",""
"호소","회야호","취수탑","2021.04.12","13.8","7.6","7.3","6.2","2.4","1.9","0","0","0","0","0","","",""
"호소","회야호","취수탑","2021.04.19","14.8","8.1","7.1","5.7","1.8","3.6","0","0","0","0","0","","",""
"호소","회야호","취수탑","2021.04.26","15.6","7.4","6.6","7.0","3.6","2.4","0","0","0","0","0","","",""
"호소","회야호","취수탑","2021.05.03","16.1","7.3","7.0","","2.1","3.3","0","0","0","0","0","","",""
"호소","회야호","취수탑","2021.05.10","16.4","7.5","7.1","4.9","2.4","1.0","0","0","0","0","0","","",""
"호소","회야호","취수탑","2021.05.17","17.7","7.5","5.0","5.0","2.6","2.5","0","0","0","0","0","","",""
"호소","회야호","취수탑","2021.05.24","18.6","7.2","6.4","6.3","1.9","2.3","0","0","0","0","0","","",""
"호소","회야호","취수탑","2021.05.31","19.8","7.5","6.9","5.0","2.0","1.7","0","0","0","0","0","","",""
"호소","회야호","취수탑","2021.06.07","22.1","7.6","7.0","3.5","2.6","4.3","0","0","0","0","0","","",""
"호소","회야호","취수탑","2021.06.14","22.1","7.8","6.1","4.2","1.9","7.8","0","0","0","0","0","","",""
"호소","회야호","취수탑","2021.06.21","21.5","7.5","6.8","5.3","3.9","7.2","0","0","0","0","0","","",""
"호소","회야호","취수탑","2021.06.28","20.8","7.6","6.2","5.1","1.7","4.6","0","0","0","0","0","","",""
"호소","회야호","취수탑","2021.07.05","21.7","7.4","5.6","3.3","2.2","14.7","0","0","0","0","0","","",""
"호소","회야호","취수탑","2021.07.12","24.8","7.2","7.4","1.8","11.2","3.7","0","0","0","0","0","","",""
"호소","회야호","취수탑","2021.07.19","25.6","7.5","5.9","2.3","7.7","8.9","30","0","0","0","30","","",""
"호소","회야호","취수탑","2021.07.26","24.9","7.3","5.8","2.0","4.1","14.4","280","50","0","0","230","","",""
"호소","회야호","취수탑","2021.08.02","27.3","7.4","6.4","1.9","5.7","10.6","620","130","230","0","260","","",""
"호소","회야호","취수탑","2021.08.09","26.7","7.5","7.0","1.0","6.0","11.1","1310","670","350","0","290","","",""
"호소","회야호","취수탑","2021.08.17","25.8","7.6","6.1","","4.4","6.8","780","80","200","340","160","","",""
"호소","회야호","취수탑","2021.08.23","24.6","7.3","7.1","1.5","53.2","1.8","330","160","0","30","140","","",""
"호소","회야호","취수탑","2021.08.30","24.7","7.8","8.5","1.3","58.8","2.6","0","0","0","0","0","","",""
"호소","회야호","취수탑","2021.09.06","22.8","7.4","7.2","1.0","39.9","11.4","60","0","0","0","60","","",""
"호소","회야호","취수탑","2021.09.13","23.8","7.8","8.6","1.3","32.1","12.4","0","0","0","0","0","","",""
"호소","회야호","취수탑","2021.09.23","24.0","7.4","7.0","1.3","12.4","9.6","160","60","0","0","100","","",""
"호소","회야호","취수탑","2021.09.27","22.9","7.4","6.2","1.7","7.8","6.6","130","40","0","0","90","","",""
"호소","회야호","취수탑","2021.10.05","24.1","7.2","6.1","2.0","8.0","6.6","100","40","0","0","60","","",""
"호소","회야호","취수탑","2021.10.12","22.6","7.1","5.5","2.0","4.9","4.1","170","40","70","0","60","","",""
"호소","회야호","취수탑","2021.10.18","20.9","7.3","6.1","1.7","4.8","5.3","50","0","50","0","0","","",""
"호소","회야호","취수탑","2021.10.25","19.9","7.2","6.2","2.0","3.5","5.0","50","0","50","0","0","","",""
"호소","회야호","취수탑","2021.11.01","18.7","7.3","6.9","1.7","5.1","6.3","160","0","160","0","0","","",""
"호소","회야호","취수탑","2021.11.08","18.4","7.3","6.9","1.5","5.2","3.9","40","0","40","0","0","","",""
"호소","회야호","취수탑","2021.11.15","16.3","7.4","7.3","1.5","9.5","5.8","100","0","100","0","0","","",""
"호소","회야호","취수탑","2021.11.22","15.1","7.4","8.2","2.0","5.3","7.8","110","0","50","0","60","","",""
"호소","회야호","취수탑","2021.11.29","13.0","7.5","7.3","1.8","8.3","4.6","0","0","0","0","0","","",""
"호소","회야호","취수탑","2021.12.06","10.9","7.7","9.0","3.0","3.3","2.6","0","0","0","0","0","","",""
"호소","회야호","여수로","2021.01.04","4.0","7.8","11.2","","2.4","11.7","0","0","0","0","0","","",""
"호소","회야호","여수로","2021.01.11","1.4","8.2","11.1","","2.2","9.0","0","0","0","0","0","","",""
"호소","회야호","여수로","2021.01.18","3.6","8.0","11.4","","3.1","8.9","0","0","0","0","0","","",""
"호소","회야호","여수로","2021.01.25","3.6","8.0","11.4","2.0","3.8","33.4","0","0","0","0","0","","",""
"호소","회야호","여수로","2021.02.01","5.7","7.5","11.9","1.7","3.6","30.0","0","0","0","0","0","","",""
"호소","회야호","여수로","2021.02.08","6.9","7.7","12.3","1.3","3.7","25.0","0","0","0","0","0","","",""
"호소","회야호","여수로","2021.02.15","7.7","7.7","11.4","1.3","3.8","10.7","0","0","0","0","0","","",""
"호소","회야호","여수로","2021.02.22","8.1","7.6","10.8","1.3","5.6","19.4","0","0","0","0","0","","",""
"호소","회야호","여수로","2021.03.02","8.0","7.7","10.5","1.2","5.0","11.0","0","0","0","0","0","","",""
"호소","회야호","여수로","2021.03.08","8.7","7.6","10.1","1.0","6.8","7.9","0","0","0","0","0","","",""
"호소","회야호","여수로","2021.03.15","11.3","8.0","9.3","","4.8","13.8","0","0","0","0","0","","",""
"호소","회야호","여수로","2021.03.22","11.4","7.8","8.3","","2.9","7.7","0","0","0","0","0","","",""
"호소","회야호","여수로","2021.03.29","13.1","7.6","7.7","","5.3","2.3","0","0","0","0","0","","",""
"호소","회야호","여수로","2021.04.05","10.8","7.5","7.6","","3.1","1.5","0","0","0","0","0","","",""
"호소","회야호","여수로","2021.04.12","13.8","7.5","7.1","4.4","2.2","3.0","0","0","0","0","0","","",""
"호소","회야호","여수로","2021.04.19","14.9","8.1","7.1","5.3","2.2","3.9","0","0","0","0","0","","",""
"호소","회야호","여수로","2021.04.26","15.6","7.4","6.7","5.0","3.5","3.0","0","0","0","0","0","","",""
"호소","회야호","여수로","2021.05.03","16.1","7.3","7.1","","2.0","2.7","0","0","0","0","0","","",""
"호소","회야호","여수로","2021.05.10","16.5","7.5","7.2","4.6","2.3","1.4","0","0","0","0","0","","",""
"호소","회야호","여수로","2021.05.17","17.7","7.5","5.0","5.0","2.5","2.6","0","0","0","0","0","","",""
"호소","회야호","여수로","2021.05.24","18.6","7.3","6.6","6.5","1.8","2.3","0","0","0","0","0","","",""
"호소","회야호","여수로","2021.05.31","19.5","7.4","6.9","4.5","2.1","2.2","0","0","0","0","0","","",""
"호소","회야호","여수로","2021.06.07","22.5","7.5","7.0","3.0","2.6","4.0","0","0","0","0","0","","",""
"호소","회야호","여수로","2021.06.14","22.1","7.9","6.1","3.8","1.9","8.1","0","0","0","0","0","","",""
"호소","회야호","여수로","2021.06.21","21.6","7.5","6.8","4.5","3.9","7.3","0","0","0","0","0","","",""
"호소","회야호","여수로","2021.06.28","20.9","7.6","6.2","4.5","1.8","5.0","0","0","0","0","0","","",""
"호소","회야호","여수로","2021.07.05","21.8","7.5","5.9","2.2","2.0","6.5","0","0","0","0","0","","",""
"호소","회야호","여수로","2021.07.12","24.3","7.2","7.7","2.2","11.6","6.0","0","0","0","0","0","","",""
"호소","회야호","여수로","2021.07.19","24.9","7.5","5.8","2.0","8.0","12.1","80","0","0","0","80","","",""
"호소","회야호","여수로","2021.07.26","25.2","7.5","6.1","2.3","4.3","12.7","140","0","0","0","140","","",""
"호소","회야호","여수로","2021.08.02","27.1","7.4","6.3","2.1","4.6","7.2","430","100","140","0","190","","",""
"호소","회야호","여수로","2021.08.09","26.9","7.7","6.9","1.2","5.5","10.6","1220","650","310","0","260","","",""
"호소","회야호","여수로","2021.08.17","26.0","7.3","6.1","","5.3","8.4","860","300","100","250","210","","",""
"호소","회야호","여수로","2021.08.23","24.4","7.1","6.9","1.5","35.8","2.5","170","90","0","0","80","","",""
"호소","회야호","여수로","2021.08.30","24.7","7.9","8.7","1.3","62.6","5.9","0","0","0","0","0","","",""
"호소","회야호","여수로","2021.09.06","22.9","7.3","6.9","1.0","38.2","10.1","0","0","0","0","0","","",""
"호소","회야호","여수로","2021.09.13","23.8","7.8","8.4","1.3","31.1","12.6","0","0","0","0","0","","",""
"호소","회야호","여수로","2021.09.23","23.8","7.2","7.0","1.3","12.1","9.4","90","30","0","0","60","","",""
"호소","회야호","여수로","2021.09.27","22.9","7.2","6.2","1.4","7.4","7.8","130","0","0","0","130","","",""
"호소","회야호","여수로","2021.10.05","23.9","7.2","6.2","1.9","5.8","7.8","50","0","0","0","50","","",""
"호소","회야호","여수로","2021.10.12","22.7","7.1","5.5","2.4","4.0","3.1","250","0","120","0","130","","",""
"호소","회야호","여수로","2021.10.18","21.0","7.3","6.0","2.0","5.1","5.4","20","0","20","0","0","","",""
"호소","회야호","여수로","2021.10.25","19.8","7.3","6.0","1.7","3.4","4.7","40","0","40","0","0","","",""
"호소","회야호","여수로","2021.11.01","18.7","7.3","6.8","1.8","5.5","5.6","120","0","120","0","0","","",""
"호소","회야호","여수로","2021.11.08","18.4","7.3","6.8","1.6","5.2","4.4","20","0","20","0","0","","",""
"호소","회야호","여수로","2021.11.15","16.3","7.4","7.4","1.5","9.8","5.3","40","0","40","0","0","","",""
"호소","회야호","여수로","2021.11.22","14.9","7.4","7.9","2.0","5.3","6.6","120","0","40","0","80","","",""
"호소","회야호","여수로","2021.11.29","13.0","7.4","7.3","1.9","7.8","5.9","0","0","0","0","0","","",""
"호소","회야호","여수로","2021.12.06","10.9","7.6","10.9","2.2","3.4","3.8","0","0","0","0","0","","",""
"호소","덕동호","댐앞","2021.01.04","6.4","7.6","13.7","2.0","1.3","3.3","5","0","5","0","0","","",""
"호소","덕동호","댐앞","2021.01.11","4.0","7.5","10.6","1.8","1.0","2.8","0","0","0","0","0","","",""
"호소","덕동호","댐앞","2021.01.18","2.0","7.6","13.0","1.7","1.9","1.9","0","0","0","0","0","","",""
"호소","덕동호","댐앞","2021.01.25","6.0","7.9","13.5","1.8","2.0","4.0","0","0","0","0","0","","",""
"호소","덕동호","댐앞","2021.02.01","5.1","7.6","12.3","1.6","1.3","2.5","0","0","0","0","0","","",""
"호소","덕동호","댐앞","2021.02.08","3.6","7.2","13.0","2.0","2.3","2.8","0","0","0","0","0","","",""
"호소","덕동호","댐앞","2021.02.15","4.5","7.6","18.4","1.8","3.7","4.1","0","0","0","0","0","","",""
"호소","덕동호","댐앞","2021.02.22","6.8","7.5","9.3","1.7","0.9","3.5","6","0","6","0","0","","",""
"호소","덕동호","댐앞","2021.03.02","4.9","7.7","9.9","1.3","1.9","4.1","0","0","0","0","0","","",""
"호소","덕동호","댐앞","2021.03.08","6.6","7.7","8.5","1.6","1.7","6.1","0","0","0","0","0","","",""
"호소","덕동호","댐앞","2021.03.15","9.8","7.3","8.7","1.6","1.8","8.1","0","0","0","0","0","","",""
"호소","덕동호","댐앞","2021.03.22","9.5","7.5","9.2","1.3","1.7","6.3","0","0","0","0","0","","",""
"호소","덕동호","댐앞","2021.03.29","12.7","7.5","10.7","1.1","1.9","8.1","0","0","0","0","0","","",""
"호소","덕동호","댐앞","2021.04.05","12.2","7.4","9.1","1.5","2.5","7.9","0","0","0","0","0","","",""
"호소","덕동호","댐앞","2021.04.12","13.2","7.3","10.5","1.0","2.6","11.0","0","0","0","0","0","","",""
"호소","덕동호","댐앞","2021.04.19","14.6","7.3","6.0","1.2","2.0","12.0","8","0","0","0","8","","",""
"호소","덕동호","댐앞","2021.04.26","17.4","7.5","5.5","1.4","2.3","8.9","0","0","0","0","0","","",""
"호소","덕동호","댐앞","2021.05.03","17.8","7.6","10.6","1.5","2.4","9.1","0","0","0","0","0","","",""
"호소","덕동호","댐앞","2021.05.10","17.3","8.6","10.0","1.5","1.4","12.4","0","0","0","0","0","","",""
"호소","덕동호","댐앞","2021.05.17","18.7","9.0","9.4","1.3","2.0","15.0","0","0","0","0","0","","",""
"호소","덕동호","댐앞","2021.05.24","23.6","8.3","9.4","1.5","1.3","5.0","0","0","0","0","0","","",""
"호소","덕동호","댐앞","2021.05.31","22.7","7.7","8.7","1.3","2.5","5.3","0","0","0","0","0","","",""
"호소","덕동호","댐앞","2021.06.07","26.0","8.2","8.7","1.2","2.7","4.0","13","0","6","0","7","","",""
"호소","덕동호","댐앞","2021.06.14","24.8","8.1","8.0","1.2","3.0","8.4","296","37","3","0","256","","",""
"호소","덕동호","댐앞","2021.06.21","25.7","7.7","9.0","1.2","3.0","5.3","428","0","6","0","422","","",""
"호소","덕동호","댐앞","2021.06.28","24.9","7.6","7.9","1.2","4.7","5.6","113","0","10","0","103","","",""
"호소","덕동호","댐앞","2021.07.05","25.6","8.1","8.9","1.1","2.1","7.4","103","0","0","0","103","","",""
"호소","덕동호","댐앞","2021.07.12","28.7","7.7","8.1","1.0","2.1","4.1","27","0","2","0","25","","",""
"호소","덕동호","댐앞","2021.07.19","28.5","7.5","7.5","1.0","1.4","2.3","33","0","13","9","11","","",""
"호소","덕동호","댐앞","2021.07.26","29.9","7.9","7.5","1.0","1.2","3.2","24","0","10","0","14","","",""
"호소","덕동호","댐앞","2021.08.02","31.0","7.9","7.3","1.0","1.7","2.5","10","0","0","0","10","","",""
"호소","덕동호","댐앞","2021.08.09","28.4","7.4","7.0","1.0","1.9","4.4","50","0","17","0","33","","",""
"호소","덕동호","댐앞","2021.08.17","23.8","7.7","8.9","1.1","1.0","7.8","264","214","0","0","50","","",""
"호소","덕동호","댐앞","2021.08.23","25.0","7.3","9.2","1.0","0.8","6.5","304","281","3","0","20","","",""
"호소","덕동호","댐앞","2021.08.30","27.2","8.1","8.8","1.3","2.1","7.8","1154","957","155","0","42","","",""
"호소","덕동호","댐앞","2021.09.06","23.4","7.8","7.7","1.5","1.6","13.6","410","108","180","0","122","","",""
"호소","덕동호","댐앞","2021.09.13","24.7","8.5","9.6","1.5","0.7","8.6","777","0","380","0","397","","",""
"호소","덕동호","댐앞","2021.09.23","23.8","8.2","7.4","1.5","1.1","12.2","1771","0","1543","0","228","","",""
"호소","덕동호","댐앞","2021.09.27","21.8","7.3","9.1","1.5","0.9","11.1","84","0","30","0","54","","",""
"호소","덕동호","댐앞","2021.10.05","24.8","7.1","9.7","1.5","1.3","8.7","3189","1520","250","0","1419","","",""
"호소","덕동호","댐앞","2021.10.12","21.5","7.1","6.0","1.3","1.0","18.5","2445","1046","420","0","979","","",""
"호소","덕동호","댐앞","2021.10.18","20.9","7.3","8.1","1.3","0.4","8.2","868","341","130","0","397","","",""
"호소","덕동호","댐앞","2021.10.25","19.0","6.7","7.0","2.4","0.6","6.9","1181","410","198","0","573","","",""
"호소","덕동호","댐앞","2021.11.01","17.6","7.1","6.4","2.1","0.4","6.0","851","483","138","0","230","","",""
"호소","덕동호","댐앞","2021.11.08","16.2","7.6","8.9","1.8","0.1","5.5","299","226","29","0","44","","",""
"호소","덕동호","댐앞","2021.11.15","15.6","6.8","9.3","1.3","0.6","3.7","173","120","38","0","15","","",""
"호소","덕동호","댐앞","2021.11.22","13.6","7.0","10.9","1.8","1.1","3.7","131","117","14","0","0","","",""
"호소","덕동호","댐앞","2021.11.29","12.9","6.6","10.5","1.6","0.9","5.2","159","159","0","0","0","","",""
"호소","덕동호","댐앞","2021.12.06","11.6","7.1","10.5","2.0","0.7","3.1","91","91","0","0","0","","",""
"하천","낙동강","물금·매리","2021.01.05","4.0","7.7","13.1","2.0","2.5","13.5","17","0","0","0","17","","",""
"하천","낙동강","물금·매리","2021.01.11","","","","","","","","","","","","","",""
"하천","낙동강","물금·매리","2021.01.18","","","","","","","","","","","","","",""
"하천","낙동강","물금·매리","2021.01.25","5.6","8.4","13.5","1.2","3.4","30.9","0","0","0","0","0","","",""
"하천","낙동강","물금·매리","2021.02.02","4.1","8.3","13.6","1.5","3.5","30.2","0","0","0","0","0","","",""
"하천","낙동강","물금·매리","2021.02.08","4.3","8.4","13.4","0.7","4.2","42.8","0","0","0","0","0","","",""
"하천","낙동강","물금·매리","2021.02.15","6.3","8.7","13.6","1.2","5.5","43.5","0","0","0","0","0","","",""
"하천","낙동강","물금·매리","2021.02.22","10.1","8.7","11.7","0.9","9.9","42.7","0","0","0","0","0","","",""
"하천","낙동강","물금·매리","2021.03.03","9.9","9.4","12.1","0.9","7.5","29.8","0","0","0","0","0","","",""
"하천","낙동강","물금·매리","2021.03.08","8.7","8.6","12.3","0.9","9.1","37.5","0","0","0","0","0","","",""
"하천","낙동강","물금·매리","2021.03.15","12.2","9.1","12.0","0.9","7.4","38.5","0","0","0","0","0","","",""
"하천","낙동강","물금·매리","2021.03.22","11.9","8.4","11.5","1.0","6.8","22.4","0","0","0","0","0","","",""
"하천","낙동강","물금·매리","2021.03.29","14.5","7.5","9.9","1.1","7.8","9.3","0","0","0","0","0","","",""
"하천","낙동강","물금·매리","2021.04.05","16.0","7.2","10.2","0.9","15.0","12.8","54","54","0","0","0","","",""
"하천","낙동강","물금·매리","2021.04.12","15.2","7.0","10.9","1.0","5.1","20.3","63","54","0","0","9","","",""
"하천","낙동강","물금·매리","2021.04.19","16.2","7.9","9.6","1.2","6.5","9.4","37","0","0","0","37","","",""
"하천","낙동강","물금·매리","2021.04.26","18.1","7.8","9.8","2.0","3.3","2.4","10","0","0","0","10","","",""
"하천","낙동강","물금·매리","2021.05.03","17.7","7.9","8.8","2.3","3.8","4.3","608","0","0","0","608","","",""
"하천","낙동강","물금·매리","2021.05.10","18.3","7.9","8.8","2.2","3.3","6.6","262","0","0","0","262","","",""
"하천","낙동강","물금·매리","2021.05.17","19.7","8.1","8.9","1.6","3.7","13.0","571","0","0","0","571","","",""
"하천","낙동강","물금·매리","2021.05.24","21.0","7.8","9.3","1.5","3.7","15.7","262","0","0","0","262","","",""
"하천","낙동강","물금·매리","2021.05.31","22.3","8.3","9.4","1.5","3.4","22.8","3440","1540","666","0","1234","","",""
"하천","낙동강","물금·매리","2021.06.07","24.0","8.3","10.0","1.4","4.1","31.3","2389","515","305","0","1569","","",""
"하천","낙동강","물금·매리","2021.06.15","24.5","7.8","8.5","1.4","3.8","25.8","4773","0","213","0","4560","","",""
"하천","낙동강","물금·매리","2021.06.21","26.1","9.0","10.9","1.8","3.4","37.2","14750","9540","1364","0","3846","","",""
"하천","낙동강","물금·매리","2021.06.28","26.3","8.8","10.3","1.9","3.0","29.6","6411","5630","660","0","121","","",""
"하천","낙동강","물금·매리","2021.07.05","26.5","8.3","8.4","1.2","6.5","24.8","9459","8930","460","0","69","","",""
"하천","낙동강","물금·매리","2021.07.12","24.8","7.3","7.9","0.6","19.5","10.3","195","0","126","32","37","","",""
"하천","낙동강","물금·매리","2021.07.19","28.1","7.7","8.4","1.1","7.0","17.4","1077","880","39","71","87","","",""
"하천","낙동강","물금·매리","2021.07.26","28.8","8.1","8.8","1.1","6.1","22.1","7525","6715","65","0","745","","",""
"하천","낙동강","물금·매리","2021.08.02","30.8","9.2","9.2","1.1","6.5","23.3","42385","38600","2510","0","1275","","",""
"하천","낙동강","물금·매리","2021.08.09","29.9","9.0","9.0","1.1","8.4","52.5","54833","54100","280","0","453","","",""
"하천","낙동강","물금·매리","2021.08.12","30.3","8.5","8.2","1.1","5.2","40.9","31951","31700","0","0","251","정량한계미만","19","0.4"
"하천","낙동강","물금·매리","2021.08.17","27.1","7.6","7.8","1.4","5.0","26.3","9971","9950","0","0","21","정량한계미만","19","0.1"
"하천","낙동강","물금·매리","2021.08.19","27.4","8.0","7.8","1.6","4.2","23.8","10376","9940","278","0","158","6","12","정량한계미만"
"하천","낙동강","물금·매리","2021.08.23","25.4","7.7","7.8","0.6","16.0","18.4","22276","22150","0","126","0","5","9","0.3"
"하천","낙동강","물금·매리","2021.08.26","","","","","","","","","","","","","",""
"하천","낙동강","물금·매리","2021.08.30","25.1","7.3","8.0","0.7","15.8","10.0","320","320","0","0","0","5","5","정량한계미만"
"하천","낙동강","물금·매리","2021.09.02","24.9","7.7","8.3","0.7","27.4","16.2","911","855","33","0","23","7","정량한계미만","정량한계미만"
"하천","낙동강","물금·매리","2021.09.06","22.8","7.4","8.4","0.8","12.5","12.7","1387","1375","0","0","12","","",""
"하천","낙동강","물금·매리","2021.09.13","23.7","7.8","9.3","0.7","10.0","25.9","630","605","0","0","25","","",""
"하천","낙동강","물금·매리","2021.09.23","23.5","8.2","9.3","0.8","7.4","37.3","1365","990","32","0","343","","",""
"하천","낙동강","물금·매리","2021.09.27","23.4","8.5","9.8","1.2","6.1","42.9","720","575","0","0","145","","",""
"하천","낙동강","물금·매리","2021.10.05","24.1","8.6","9.7","1.4","4.4","38.6","2028","1380","68","0","580","","",""
"하천","낙동강","물금·매리","2021.10.12","23.5","8.6","9.4","1.4","5.3","44.3","3710","2200","100","0","1410","","",""
"하천","낙동강","물금·매리","2021.10.18","20.9","8.7","10.1","1.4","5.8","54.8","3947","3575","127","0","245","","",""
"하천","낙동강","물금·매리","2021.10.25","17.8","8.7","11.9","1.4","5.5","65.1","1082","870","0","0","212","","",""
"하천","낙동강","물금·매리","2021.11.01","16.5","8.5","11.9","2.0","3.6","55.5","1046","875","12","0","159","","",""
"하천","낙동강","물금·매리","2021.11.09","15.2","9.1","11.8","1.9","3.3","29.9","1744","1655","0","0","89","","",""
"하천","낙동강","물금·매리","2021.11.16","13.3","8.2","10.0","3.3","2.3","1.9","702","550","0","0","152","","",""
"하천","낙동강","물금·매리","2021.11.22","12.6","8.0","10.2","3.3","2.3","2.7","835","695","65","0","75","","",""
"하천","낙동강","물금·매리","2021.11.29","10.6","7.8","10.6","2.0","3.3","8.3","15","0","0","0","15","","",""
"하천","낙동강","물금·매리","2021.12.07","8.5","8.7","11.7","2.0","3.0","10.6","568","90","0","52","426","","",""
"호소","진양호","판문","2021.01.04","4.8","8.3","13.3","2.5","5.2","7.7","2634","0","2323","0","311","","",""
"호소","진양호","판문","2021.01.11","3.6","8.4","12.9","3.0","4.8","7.0","1468","0","994","0","474","","",""
"호소","진양호","판문","2021.01.19","3.2","8.2","12.9","3.0","4.0","5.0","720","0","539","0","181","","",""
"호소","진양호","판문","2021.01.25","3.6","8.1","13.9","4.5","6.5","4.3","369","0","183","0","186","","",""
"호소","진양호","판문","2021.02.01","4.0","7.6","13.3","3.0","6.5","3.9","0","0","0","0","0","","",""
"호소","진양호","판문","2021.02.08","4.0","7.6","13.3","3.5","6.5","5.3","0","0","0","0","0","","",""
"호소","진양호","판문","2021.02.15","5.2","8.4","13.2","4.0","6.1","2.6","0","0","0","0","0","","",""
"호소","진양호","판문","2021.02.23","6.3","8.0","13.3","4.0","6.1","3.8","0","0","0","0","0","","",""
"호소","진양호","판문","2021.03.02","6.8","8.1","13.3","3.0","6.4","2.6","0","0","0","0","0","","",""
"호소","진양호","판문","2021.03.08","8.1","7.1","12.8","3.0","2.6","4.5","0","0","0","0","0","","",""
"호소","진양호","판문","2021.03.15","10.2","7.5","12.6","4.0","2.1","2.4","0","0","0","0","0","","",""
"호소","진양호","판문","2021.03.22","11.3","7.5","12.3","4.0","2.6","3.0","0","0","0","0","0","","",""
"호소","진양호","판문","2021.03.29","12.8","7.3","10.6","5.5","2.2","2.2","0","0","0","0","0","","",""
"호소","진양호","판문","2021.04.06","14.0","7.7","10.5","3.0","3.1","3.2","0","0","0","0","0","","",""
"호소","진양호","판문","2021.04.13","14.8","7.7","9.3","4.4","2.5","2.7","0","0","0","0","0","","",""
"호소","진양호","판문","2021.04.19","15.7","7.8","10.1","3.0","2.9","2.2","0","0","0","0","0","","",""
"호소","진양호","판문","2021.04.26","16.4","7.3","6.9","4.0","2.9","5.4","0","0","0","0","0","","",""
"호소","진양호","판문","2021.05.04","17.8","7.5","9.2","3.5","3.1","5.0","0","0","0","0","0","","",""
"호소","진양호","판문","2021.05.10","18.7","7.6","9.5","3.5","3.7","3.3","0","0","0","0","0","","",""
"호소","진양호","판문","2021.05.17","19.3","7.4","8.2","3.5","2.6","8.6","0","0","0","0","0","","",""
"호소","진양호","판문","2021.05.25","20.3","7.9","9.3","3.0","4.2","9.4","183","0","0","0","183","","",""
"호소","진양호","판문","2021.05.31","21.3","7.7","9.0","3.0","2.9","11.8","350","0","0","0","350","","",""
"호소","진양호","판문","2021.06.07","22.3","7.9","7.3","4.0","2.9","6.0","516","0","0","0","516","","",""
"호소","진양호","판문","2021.06.14","23.5","7.5","6.7","3.5","2.5","4.9","950","0","0","0","950","","",""
"호소","진양호","판문","2021.06.21","23.7","6.6","6.3","4.5","1.8","3.6","133","0","0","0","133","","",""
"호소","진양호","판문","2021.06.28","24.9","7.1","6.0","4.0","4.8","5.0","0","0","0","0","0","","",""
"호소","진양호","판문","2021.07.05","25.3","6.9","4.5","3.5","7.9","8.3","832","33","566","0","233","","",""
"호소","진양호","판문","2021.07.12","22.2","6.9","7.9","1.0","26.0","7.8","0","0","0","0","0","","",""
"호소","진양호","판문","2021.07.19","24.8","7.2","6.9","3.0","10.4","5.6","0","0","0","0","0","","",""
"호소","진양호","판문","2021.07.26","27.7","7.4","6.8","3.0","7.4","3.7","966","966","0","0","0","","",""
"호소","진양호","판문","2021.08.02","26.5","7.2","5.8","3.5","7.8","9.3","2099","1733","366","0","0","","",""
"호소","진양호","판문","2021.08.09","28.4","7.0","5.9","3.0","6.7","16.2","2200","2200","0","0","0","","",""
"호소","진양호","판문","2021.08.17","26.9","7.0","5.6","2.0","7.1","17.6","2749","2516","0","0","233","","",""
"호소","진양호","판문","2021.08.23","26.3","7.2","5.9","2.0","8.0","18.5","2383","2083","0","0","300","","",""
"호소","진양호","판문","2021.08.30","24.1","7.3","8.3","1.5","10.4","16.4","4649","4466","33","0","150","","",""
"호소","진양호","판문","2021.09.06","24.2","7.2","7.6","3.0","7.0","21.7","1566","1200","0","0","366","","",""
"호소","진양호","판문","2021.09.13","23.7","7.5","6.9","2.1","6.2","18.4","2882","2016","0","0","866","","",""
"호소","진양호","판문","2021.09.23","23.7","7.6","8.9","2.0","5.6","23.8","9533","1350","0","950","7233","","",""
"호소","진양호","판문","2021.09.28","23.1","7.6","6.7","2.0","6.6","12.0","5524","2428","449","0","2647","","",""
"호소","진양호","판문","2021.10.05","23.3","7.1","5.2","2.5","4.8","11.2","4752","812","0","191","3749","","",""
"호소","진양호","판문","2021.10.12","23.8","7.4","6.5","4.0","4.2","2.6","13985","264","614","112","12995","","",""
"호소","진양호","판문","2021.10.18","21.6","7.1","6.6","2.5","6.0","6.3","9425","568","0","0","8857","","",""
"호소","진양호","판문","2021.10.25","19.2","7.1","8.2","3.0","4.9","17.2","270","178","0","0","92","","",""
"호소","진양호","판문","2021.11.01","17.7","7.2","9.2","2.5","4.4","9.7","0","0","0","0","0","","",""
"호소","진양호","판문","2021.11.09","16.4","7.4","9.5","2.0","5.5","5.2","106","106","0","0","0","","",""
"호소","진양호","판문","2021.11.15","14.9","6.9","8.6","2.2","6.3","7.6","0","0","0","0","0","","",""
"호소","진양호","판문","2021.11.22","13.9","6.8","9.8","3.0","4.8","5.4","0","0","0","0","0","","",""
"호소","진양호","판문","2021.11.29","12.2","7.0","10.7","3.0","5.3","4.5","0","0","0","0","0","","",""
"호소","진양호","판문","2021.12.06","10.4","6.8","10.6","4.0","4.6","7.1","0","0","0","0","0","","",""
"하천","낙동강","강정·고령","2021.01.04","2.1","8.9","15.0","0.7","3.8","46.2","0","0","0","0","0","","",""
"하천","낙동강","강정·고령","2021.01.11","","","","","","","","","","","","","",""
"하천","낙동강","강정·고령","2021.01.18","","","","","","","","","","","","","",""
"하천","낙동강","강정·고령","2021.01.25","","","","","","","","","","","","","",""
"하천","낙동강","강정·고령","2021.02.01","3.2","8.9","15.5","1.0","3.4","40.1","0","0","0","0","0","","",""
"하천","낙동강","강정·고령","2021.02.08","3.4","9.0","15.5","0.6","3.4","46.4","0","0","0","0","0","","",""
"하천","낙동강","강정·고령","2021.02.15","5.1","9.2","16.7","0.9","3.2","36.8","0","0","0","0","0","","",""
"하천","낙동강","강정·고령","2021.02.22","5.6","9.0","14.4","1.1","4.9","38.2","0","0","0","0","0","","",""
"하천","낙동강","강정·고령","2021.03.02","5.9","8.6","13.4","0.7","5.3","29.0","0","0","0","0","0","","",""
"하천","낙동강","강정·고령","2021.03.08","7.4","8.1","13.3","1.3","3.6","24.2","0","0","0","0","0","","",""
"하천","낙동강","강정·고령","2021.03.15","9.4","8.4","13.4","0.7","3.6","22.2","0","0","0","0","0","","",""
"하천","낙동강","강정·고령","2021.03.22","9.7","8.1","11.8","0.7","5.6","23.7","0","0","0","0","0","","",""
"하천","낙동강","강정·고령","2021.03.29","12.4","9.0","11.9","1.4","4.0","20.3","41","0","0","0","41","","",""
"하천","낙동강","강정·고령","2021.04.05","13.3","7.9","10.6","1.2","6.0","12.1","89","0","0","0","89","","",""
"하천","낙동강","강정·고령","2021.04.12","14.5","9.1","11.2","0.7","4.1","45.5","654","0","0","0","654","","",""
"하천","낙동강","강정·고령","2021.04.19","14.8","8.7","10.9","0.6","4.7","46.8","694","0","0","48","646","","",""
"하천","낙동강","강정·고령","2021.04.26","17.2","8.4","11.0","0.6","4.2","33.6","521","0","0","68","453","","",""
"하천","낙동강","강정·고령","2021.05.03","18.1","8.7","10.3","0.7","5.3","18.5","0","0","0","0","0","","",""
"하천","낙동강","강정·고령","2021.05.10","17.3","7.8","8.4","0.7","4.1","2.6","0","0","0","0","0","","",""
"하천","낙동강","강정·고령","2021.05.17","19.2","7.6","8.6","2.0","1.6","4.1","0","0","0","0","0","","",""
"하천","낙동강","강정·고령","2021.05.24","20.9","8.3","11.3","0.7","3.1","26.2","199","0","69","0","130","","",""
"하천","낙동강","강정·고령","2021.05.31","21.1","8.5","10.9","1.1","3.7","37.2","181","0","0","181","0","","",""
"하천","낙동강","강정·고령","2021.06.07","24.1","9.1","11.2","0.7","7.5","48.1","4499","0","1516","2796","187","","",""
"하천","낙동강","강정·고령","2021.06.14","24.7","8.6","9.2","1.1","2.6","12.4","1598","0","221","905","472","","",""
"하천","낙동강","강정·고령","2021.06.21","24.2","8.2","8.2","1.3","3.5","11.6","3287","0","104","251","2932","","",""
"하천","낙동강","강정·고령","2021.06.28","25.6","8.8","9.8","0.7","5.2","25.8","9884","1025","250","92","8517","","",""
"하천","낙동강","강정·고령","2021.07.05","24.9","8.3","9.2","0.6","3.8","32.5","4074","0","725","696","2653","","",""
"하천","낙동강","강정·고령","2021.07.12","24.5","7.6","8.8","0.4","23.1","6.2","189","0","54","0","135","","",""
"하천","낙동강","강정·고령","2021.07.19","27.0","8.3","9.1","0.7","5.0","35.4","5714","5550","164","0","0","","",""
"하천","낙동강","강정·고령","2021.07.26","29.4","8.9","11.0","0.8","3.0","29.7","6039","3885","840","735","579","","",""
"하천","낙동강","강정·고령","2021.08.02","29.7","8.6","9.0","1.0","4.6","18.3","18548","6430","8152","836","3130","","",""
"하천","낙동강","강정·고령","2021.08.09","28.7","7.9","7.1","0.8","6.3","8.2","7387","6760","250","0","377","","",""
"하천","낙동강","강정·고령","2021.08.17","27.0","7.8","7.7","0.8","4.2","8.9","2415","2415","0","0","0","","",""
"하천","낙동강","강정·고령","2021.08.23","26.4","7.8","8.2","1.0","3.9","11.6","1415","1415","0","0","0","","",""
"하천","낙동강","강정·고령","2021.08.30","23.1","7.4","8.9","0.1","27.7","2.4","393","365","28","0","0","","",""
"하천","낙동강","강정·고령","2021.09.06","21.1","7.4","9.2","0.2","23.5","3.1","547","530","17","0","0","","",""
"하천","낙동강","강정·고령","2021.09.13","23.2","8.0","9.2","1.2","4.8","25.4","1496","1175","276","0","45","","",""
"하천","낙동강","강정·고령","2021.09.23","23.2","8.0","8.7","1.3","3.4","11.4","175","175","0","0","0","","",""
"하천","낙동강","강정·고령","2021.09.27","22.8","8.0","8.3","0.9","4.3","11.5","346","295","0","0","51","","",""
"하천","낙동강","강정·고령","2021.10.05","23.9","8.0","8.9","0.9","4.4","13.1","3589","3560","0","0","29","","",""
"하천","낙동강","강정·고령","2021.10.12","22.1","7.8","7.7","0.4","6.8","7.1","165","165","0","0","0","","",""
"하천","낙동강","강정·고령","2021.10.18","18.9","8.0","9.0","0.7","9.5","5.5","116","90","0","0","26","","",""
"하천","낙동강","강정·고령","2021.10.25","16.8","8.9","11.2","0.4","6.6","32.1","3495","3110","127","0","258","","",""
"하천","낙동강","강정·고령","2021.11.01","16.6","8.9","10.6","0.8","5.0","11.3","890","410","89","0","391","","",""
"하천","낙동강","강정·고령","2021.11.08","15.1","8.5","10.4","0.7","3.0","12.5","984","180","0","0","804","","",""
"하천","낙동강","강정·고령","2021.11.15","12.8","8.2","10.3","1.5","2.8","6.5","822","105","0","78","639","","",""
"하천","낙동강","강정·고령","2021.11.22","11.9","8.4","11.5","0.9","2.4","9.8","700","0","0","197","503","","",""
"하천","낙동강","강정·고령","2021.11.29","9.6","8.1","11.1","1.2","1.6","8.7","1901","85","0","0","1816","","",""
"하천","낙동강","강정·고령","2021.12.06","7.3","8.3","11.9","1.8","2.1","12.5","909","0","0","0","909","","",""
